,,,,,,,,,,,,,,,
,,,,,,,,,,,,,,,
A1,A1,A1,A1,,,,,,,,,,,,
A1,,,,,,,,,,,,,,,
filename,keyword,match,left_context,right_context,full_context,sentiment_neg,sentiment_neu,sentiment_pos,sentiment_compound,Flagga,,,filename,match,
ds-2007-46.pdf,alliansfrihet,alliansfrihet,partnership for peace sveriges neutralitetspolitik,ger större möjligheter agera fred,partnership for peace sveriges neutralitetspolitik alliansfrihet ger större möjligheter agera fred,0,0.741,0.259,0.5423,k,V avvikande,,ds-2007-46.pdf,alliansfrihet,1
ds-2013-33.pdf,ansvar,ansvar,sverige tar genom medlemskapet solidariskt,europas säkerhet kalla krigets slut,sverige tar genom medlemskapet solidariskt ansvar europas säkerhet kalla krigets slut,0.275,0.725,0,-0.5859,k,,,ds-2013-33.pdf,ansvar,
ds-2013-33.pdf,ansvar,ansvar,sverige tar genom medlemskapet solidariskt,europas säkerhet kalla krigets slut,sverige tar genom medlemskapet solidariskt ansvar europas säkerhet kalla krigets slut,0.275,0.725,0,-0.5859,k,,,ds-2013-33.pdf,ansvar,2
ds-2013-33.pdf,försvar,försvarsberedningen,attacker nyckelfunktioner samhället anser därför,hanteringen hoten riskerna informations cybersäkerhetsområdet,attacker nyckelfunktioner samhället anser därför försvarsberedningen hanteringen hoten riskerna informations cybersäkerhetsområdet,0.27,0.73,0,-0.5719,k,,,ds-2013-33.pdf,försvar,
ds-2013-33.pdf,försvar,försvarsavtalet,säkerhet bygger första hand bilaterala,usa 1951 natomedlemskapet usa åtagande,säkerhet bygger första hand bilaterala försvarsavtalet usa 1951 natomedlemskapet usa åtagande,0,0.758,0.242,0.4939,k,Beslut F-35,,ds-2013-33.pdf,försvar,
ds-2013-33.pdf,försvarsberedning,försvarsberedningen,attacker nyckelfunktioner samhället anser därför,hanteringen hoten riskerna informations cybersäkerhetsområdet,attacker nyckelfunktioner samhället anser därför försvarsberedningen hanteringen hoten riskerna informations cybersäkerhetsområdet,0.27,0.73,0,-0.5719,k,,,ds-2013-33.pdf,försvarsberedning,3
ds-2013-33.pdf,hot,hot,bemannas endast frivillig anställd personal,form attacker nätverksinfrastruktur attacker konkretiserat,bemannas endast frivillig anställd personal hot form attacker nätverksinfrastruktur attacker konkretiserat,0.451,0.549,0,-0.8126,I,,,ds-2013-33.pdf,hot,
ds-2013-33.pdf,hot,hot,bemannas endast frivillig anställd personal,form attacker nätverksinfrastruktur attacker konkretiserat,bemannas endast frivillig anställd personal hot form attacker nätverksinfrastruktur attacker konkretiserat,0.451,0.549,0,-0.8126,I,,,ds-2013-33.pdf,hot,
ds-2013-33.pdf,hot,hot,enklare samarbeta kring säkerhet främst,definierar terrorism separatism extremism ramen,enklare samarbeta kring säkerhet främst hot definierar terrorism separatism extremism ramen,0.315,0.685,0,-0.6808,k,,,ds-2013-33.pdf,hot,
ds-2013-33.pdf,hot,hot,övningar sco samordnande ram oftast,terrorism separatism deklarerat scenario sco,övningar sco samordnande ram oftast hot terrorism separatism deklarerat scenario sco,0.315,0.685,0,-0.6808,k,,,ds-2013-33.pdf,hot,
ds-2013-33.pdf,hot,cyberhot,försvar samt medlemskap nato terrorism,asymmetriska hot ställt krav polen,försvar samt medlemskap nato terrorism cyberhot asymmetriska hot ställt krav polen,0.315,0.685,0,-0.6808,k,,,ds-2013-33.pdf,hot,
ds-2013-33.pdf,hot,hot,yttre dimensionen måste beaktas exempel,nämns förutom organiserad brottslighet terrorism,yttre dimensionen måste beaktas exempel hot nämns förutom organiserad brottslighet terrorism,0.315,0.685,0,-0.6808,k,,,ds-2013-33.pdf,hot,
ds-2013-33.pdf,hot,hot,övningar sco samordnande ram oftast,terrorism separatism deklarerat scenario sco,övningar sco samordnande ram oftast hot terrorism separatism deklarerat scenario sco,0.315,0.685,0,-0.6808,k,,,ds-2013-33.pdf,hot,
ds-2013-33.pdf,hot,hot,2009 militärdoktrinen 2010 anger militära,faror existerar väst öst söder,2009 militärdoktrinen 2010 anger militära hot faror existerar väst öst söder,0.27,0.73,0,-0.5719,k,,,ds-2013-33.pdf,hot,
ds-2013-33.pdf,hot,hotbilden,globala trender alltmer synliga omfattande,relaterat cyber attacker tillsammans attackernas,globala trender alltmer synliga omfattande hotbilden relaterat cyber attacker tillsammans attackernas,0.27,0.73,0,-0.5719,k,,,ds-2013-33.pdf,hot,
ds-2013-33.pdf,hot,hot,2009 militärdoktrinen 2010 anger militära,faror existerar väst öst söder,2009 militärdoktrinen 2010 anger militära hot faror existerar väst öst söder,0.27,0.73,0,-0.5719,k,,,ds-2013-33.pdf,hot,10
ds-2013-33.pdf,inte,internationell,territorium överskådlig tid snarare utgö,terrorism cyberattacker svåra naturolyckor exempel,territorium överskådlig tid snarare utgö internationell terrorism cyberattacker svåra naturolyckor exempel,0.315,0.685,0,-0.6808,k,,,ds-2013-33.pdf,inte,1
ds-2007-46.pdf,inte,interoperabilitet,stärka transatlantiska säke rhetspolitiska gemenskapen,utvecklas genom partnership for peace,stärka transatlantiska säke rhetspolitiska gemenskapen interoperabilitet utvecklas genom partnership for peace,0,0.741,0.259,0.5423,k,Interoperabilitet    pff,,ds-2007-46.pdf,inte,1
ds-2007-46.pdf,konflikt,konflikthantering,struktureras fem olika temata långvarig,globalt krig terrorism tyngdpunktsskifte storskalig,struktureras fem olika temata långvarig konflikthantering globalt krig terrorism tyngdpunktsskifte storskalig,0.315,0.685,0,-0.6808,k,,,ds-2007-46.pdf,konflikt,
ds-2007-46.pdf,konflikt,konflikthantering,struktureras fem olika temata långvarig,globalt krig terrorism tyngdpunktsskifte storskalig,struktureras fem olika temata långvarig konflikthantering globalt krig terrorism tyngdpunktsskifte storskalig,0.315,0.685,0,-0.6808,k,,,ds-2007-46.pdf,konflikt,
ds-2007-46.pdf,konflikt,konflikthantering,krishanteringsförmåga möjliggör rymmer mer långsiktig,motsva righeten civila sidan crisis,krishanteringsförmåga möjliggör rymmer mer långsiktig konflikthantering motsva righeten civila sidan crisis,0.291,0.709,0,-0.6249,k,,,ds-2007-46.pdf,konflikt,3
ds-2007-46.pdf,kris,krishanteringsförmåga,förfinas utökas flera trappsteg nationell,parallellt aktiva kriget terrorism högst,förfinas utökas flera trappsteg nationell krishanteringsförmåga parallellt aktiva kriget terrorism högst,0.315,0.685,0,-0.6808,k,,,ds-2007-46.pdf,kris,
ds-2007-46.pdf,kris,krishanteringsförmåga,förfinas utökas flera trappsteg nationell,parallellt aktiva kriget terrorism högst,förfinas utökas flera trappsteg nationell krishanteringsförmåga parallellt aktiva kriget terrorism högst,0.315,0.685,0,-0.6808,k,,,ds-2007-46.pdf,kris,
ds-2007-46.pdf,kris,krissamordningsarrangemang,beslutad ministerrådet december 2005 särskilda,crisis coordination arrangements cca syftar,beslutad ministerrådet december 2005 särskilda krissamordningsarrangemang crisis coordination arrangements cca syftar,0.291,0.709,0,-0.6249,k,,,ds-2007-46.pdf,kris,3
ds-2007-46.pdf,krishantering,krishanteringsförmåga,förfinas utökas flera trappsteg nationell,parallellt aktiva kriget terrorism högst,förfinas utökas flera trappsteg nationell krishanteringsförmåga parallellt aktiva kriget terrorism högst,0.315,0.685,0,-0.6808,k,,,ds-2007-46.pdf,krishantering,
ds-2007-46.pdf,krishantering,krishanteringsförmåga,förfinas utökas flera trappsteg nationell,parallellt aktiva kriget terrorism högst,förfinas utökas flera trappsteg nationell krishanteringsförmåga parallellt aktiva kriget terrorism högst,0.315,0.685,0,-0.6808,k,,,ds-2007-46.pdf,krishantering,2
ds-2007-46.pdf,lite,ilitet,vädermönster därmed inverka regioners stab,långsiktiga säkerhet områden världen beräknas,vädermönster därmed inverka regioners stab ilitet långsiktiga säkerhet områden världen beräknas,0.275,0.725,0,-0.5859,k,,,ds-2007-46.pdf,lite,
ds-2007-46.pdf,lite,interoperabilitet,stärka transatlantiska säke rhetspolitiska gemenskapen,utvecklas genom partnership for peace,stärka transatlantiska säke rhetspolitiska gemenskapen interoperabilitet utvecklas genom partnership for peace,0,0.741,0.259,0.5423,k,Pff Natos standarder och teknik på det militära området utgör grunden för försvarssamarbetet inom EU samt för andra regionala och bilaterala försvarspolitiska,,ds-2007-46.pdf,lite,2
ds-2013-33.pdf,nato,nato,stärkt nationellt försvar samt medlemskap,terrorism cyberhot asymmetriska hot ställt,stärkt nationellt försvar samt medlemskap nato terrorism cyberhot asymmetriska hot ställt,0.315,0.685,0,-0.6808,k,Polen säkerhetsstrategi vilar på tre pelare: ett stärkt nationellt försvar samt medlemskap i Nato och EU,,ds-2013-33.pdf,nato,
ds-2013-33.pdf,nato,nato,estland fäster särskild vikt cybersäkerhet,center excellence cooperative cyber defence,estland fäster särskild vikt cybersäkerhet nato center excellence cooperative cyber defence,0,0.621,0.379,0.6705,k,,,ds-2013-33.pdf,nato,
ds-2013-33.pdf,nato,nato,estland fäster särskild vikt cybersäkerhet,center excellence cooperative cyber defence,estland fäster särskild vikt cybersäkerhet nato center excellence cooperative cyber defence,0,0.621,0.379,0.6705,k,,,ds-2013-33.pdf,nato,
ds-2013-33.pdf,nato,natos,aktiviteterna ramen pooling and sharing,smart defence fungerat väl samarbetet,aktiviteterna ramen pooling and sharing natos smart defence fungerat väl samarbetet,0,0.537,0.463,0.7096,k,,,ds-2013-33.pdf,nato,
ds-2013-33.pdf,nato,natos,pff avseende pooling and sharing,smart defence sker finns gemensamt,pff avseende pooling and sharing natos smart defence sker finns gemensamt,0,0.537,0.463,0.7096,k,,,ds-2013-33.pdf,nato,
ds-2013-33.pdf,nato,natos,aktiviteterna ramen pooling and sharing,smart defence fungerat väl samarbetet,aktiviteterna ramen pooling and sharing natos smart defence fungerat väl samarbetet,0,0.537,0.463,0.7096,k,,,ds-2013-33.pdf,nato,
ds-2013-33.pdf,nato,natos,pff avseende pooling and sharing,smart defence sker finns gemensamt,pff avseende pooling and sharing natos smart defence sker finns gemensamt,0,0.537,0.463,0.7096,k,,,ds-2013-33.pdf,nato,
ds-2013-33.pdf,nato,natos,centre excellence vilnius centret kopplat,emerging security challenges division natohögkvarteret,centre excellence vilnius centret kopplat natos emerging security challenges division natohögkvarteret,0,0.506,0.494,0.7783,k,,,ds-2013-33.pdf,nato,
ds-2013-33.pdf,nato,natos,centre excellence vilnius centret kopplat,emerging security challenges division natohögkvarteret,centre excellence vilnius centret kopplat natos emerging security challenges division natohögkvarteret,0,0.506,0.494,0.7783,k,,,ds-2013-33.pdf,nato,9
ds-2013-33.pdf,nätverk,nätverksinfrastruktur,anställd personal hot form attacker,attacker konkretiserat behovet stärkt förmåga,anställd personal hot form attacker nätverksinfrastruktur attacker konkretiserat behovet stärkt förmåga,0.451,0.549,0,-0.8126,I,,,ds-2013-33.pdf,nätverk,1
ds-2013-33.pdf,opposition,oppositionella,attacker samband presidentvalet 2012 populära,bloggare dragits inför domstol andra,attacker samband presidentvalet 2012 populära oppositionella bloggare dragits inför domstol andra,0.27,0.73,0,-0.5719,I,,,ds-2013-33.pdf,opposition,1
ds-2013-33.pdf,risk,asymmetriska,samt medlemskap nato terrorism cyberhot,hot ställt krav polen ökat,samt medlemskap nato terrorism cyberhot asymmetriska hot ställt krav polen ökat,0.315,0.685,0,-0.6808,k,,,ds-2013-33.pdf,risk,1
ds-2013-33.pdf,ryssland,ryssland,också utveckla högteknologisk konventionell förmåga,tagit intryck utvecklingen cyberkrigföring anger,också utveckla högteknologisk konventionell förmåga ryssland tagit intryck utvecklingen cyberkrigföring anger,0.27,0.73,0,-0.5719,k,,,ds-2013-33.pdf,ryssland,
ds-2013-33.pdf,ryssland,ryssland,också utveckla högteknologisk konventionell förmåga,tagit intryck utvecklingen cyberkrigföring anger,också utveckla högteknologisk konventionell förmåga ryssland tagit intryck utvecklingen cyberkrigföring anger,0.27,0.73,0,-0.5719,k,,,ds-2013-33.pdf,ryssland,2
ds-2013-33.pdf,säkerhet,säkerhetssamarbete,definierar terrorism separatism extremism ramen,anordnas ven militära övningar sco,definierar terrorism separatism extremism ramen säkerhetssamarbete anordnas ven militära övningar sco,0.315,0.685,0,-0.6808,k,,,ds-2013-33.pdf,säkerhet,
ds-2007-46.pdf,säkerhet,säkerhetspolitiska,utvecklingen såväl aktiva aktiva konfliktområden,hot terrorism separatism gerillarörelser inga,utvecklingen såväl aktiva aktiva konfliktområden säkerhetspolitiska hot terrorism separatism gerillarörelser inga,0.315,0.685,0,-0.6808,k,,,ds-2007-46.pdf,säkerhet,
ds-2013-33.pdf,säkerhet,säkerhetspolitik,försvars säkerhetspolitik förutsättningarna sveriges försvars,förändrats grunden kalla krigets slut,försvars säkerhetspolitik förutsättningarna sveriges försvars säkerhetspolitik förändrats grunden kalla krigets slut,0.275,0.725,0,-0.5859,k,,,ds-2013-33.pdf,säkerhet,
ds-2013-33.pdf,säkerhet,säkerhet,genom medlemskapet solidariskt ansvar europas,kalla krigets slut svenska säkerhetspolitiken,genom medlemskapet solidariskt ansvar europas säkerhet kalla krigets slut svenska säkerhetspolitiken,0.275,0.725,0,-0.5859,k,,,ds-2013-33.pdf,säkerhet,
ds-2013-33.pdf,säkerhet,säkerhetspolitiken,säkerhet kalla krigets slut svenska,ändrats grunden medlemskapet förändrade förutsättningarna,säkerhet kalla krigets slut svenska säkerhetspolitiken ändrats grunden medlemskapet förändrade förutsättningarna,0.275,0.725,0,-0.5859,k,,,ds-2013-33.pdf,säkerhet,
ds-2007-46.pdf,säkerhet,säkerhet,inverka regioners stab ilitet långsiktiga,områden världen beräknas abbas störst,inverka regioners stab ilitet långsiktiga säkerhet områden världen beräknas abbas störst,0.275,0.725,0,-0.5859,k,,,ds-2007-46.pdf,säkerhet,2
ds-2013-33.pdf,säkerhet,säkerhetspolitik,försvars säkerhetspolitik förutsättningarna sveriges försvars,förändrats grunden kalla krigets slut,försvars säkerhetspolitik förutsättningarna sveriges försvars säkerhetspolitik förändrats grunden kalla krigets slut,0.275,0.725,0,-0.5859,k,,,ds-2013-33.pdf,säkerhet,
ds-2013-33.pdf,säkerhet,säkerhet,genom medlemskapet solidariskt ansvar europas,kalla krigets slut svenska säkerhetspolitiken,genom medlemskapet solidariskt ansvar europas säkerhet kalla krigets slut svenska säkerhetspolitiken,0.275,0.725,0,-0.5859,k,,,ds-2013-33.pdf,säkerhet,
ds-2013-33.pdf,säkerhet,säkerhetspolitiken,säkerhet kalla krigets slut svenska,ändrats grunden medlemskapet förändrade förutsättningarna,säkerhet kalla krigets slut svenska säkerhetspolitiken ändrats grunden medlemskapet förändrade förutsättningarna,0.275,0.725,0,-0.5859,k,,,ds-2013-33.pdf,säkerhet,
ds-2013-33.pdf,säkerhet,säkerhetsdoktrinen,ryska officiella dokument såsom nationella,2009 militärdoktrinen 2010 anger militära,ryska officiella dokument såsom nationella säkerhetsdoktrinen 2009 militärdoktrinen 2010 anger militära,0.27,0.73,0,-0.5719,k,,,ds-2013-33.pdf,säkerhet,
ds-2013-33.pdf,säkerhet,säkerhetsdoktrinen,ryska officiella dokument såsom nationella,2009 militärdoktrinen 2010 anger militära,ryska officiella dokument såsom nationella säkerhetsdoktrinen 2009 militärdoktrinen 2010 anger militära,0.27,0.73,0,-0.5719,k,,,ds-2013-33.pdf,säkerhet,
ds-2013-33.pdf,säkerhet,säkerhetspolitiska,slutsatsen europa måste kunna hantera,utmaningar sitt närområde egen hand,slutsatsen europa måste kunna hantera säkerhetspolitiska utmaningar sitt närområde egen hand,0,0.758,0.242,0.4939,k,Säkerhet Frankrike,,ds-2013-33.pdf,säkerhet,
ds-2013-33.pdf,säkerhet,cybersäkerhet,försvarsförmågan estland fäster särskild vikt,nato center excellence cooperative cyber,försvarsförmågan estland fäster särskild vikt cybersäkerhet nato center excellence cooperative cyber,0,0.709,0.291,0.6249,k,,,ds-2013-33.pdf,säkerhet,
ds-2013-33.pdf,säkerhet,cybersäkerhet,försvarsförmågan estland fäster särskild vikt,nato center excellence cooperative cyber,försvarsförmågan estland fäster särskild vikt cybersäkerhet nato center excellence cooperative cyber,0,0.709,0.291,0.6249,k,,,ds-2013-33.pdf,säkerhet,12
ds-2013-33.pdf,samarbete,säkerhetssamarbete,definierar terrorism separatism extremism ramen,anordnas ven militära övningar sco,definierar terrorism separatism extremism ramen säkerhetssamarbete anordnas ven militära övningar sco,0.315,0.685,0,-0.6808,k,,,ds-2013-33.pdf,samarbete,
ds-2013-33.pdf,samarbete,rsvarssamarbetet,military peace support nordefco nordiska,nordic defence cooperation nordhels nordiskt,military peace support nordefco nordiska rsvarssamarbetet nordic defence cooperation nordhels nordiskt,0,0.513,0.487,0.765,k,,,ds-2013-33.pdf,samarbete,
ds-2013-33.pdf,samarbete,rsvarssamarbetet,military peace support nordefco nordiska,nordic defence cooperation nordhels nordiskt,military peace support nordefco nordiska rsvarssamarbetet nordic defence cooperation nordhels nordiskt,0,0.513,0.487,0.765,k,,,ds-2013-33.pdf,samarbete,3
ds-2007-46.pdf,tema,temata,qdr budskapet struktureras fem olika,långvarig konflikthantering globalt krig terrorism,qdr budskapet struktureras fem olika temata långvarig konflikthantering globalt krig terrorism,0.315,0.685,0,-0.6808,k,,,ds-2007-46.pdf,tema,1
,,,,,,,,,,,,,,,
Hot 10,ds-2007-46.pdf,Hot 0,,,,,,,,,,,,,
,ds-2013-33.pdf,Hot 10,,,,,,,,,,,,,
Konflikt 3,,,,,,,,,,,,,,,
Kris 3,,,,,,,,,,,,,,,
Samarbete 3,,,,,,,,,,,,,,,
Nato 9,ds-2007-46.pdf,Nato 0,,,,,,,,,,,,,
,ds-2013-33.pdf,Nato 9,,,,,,,,,,,,,
Säkerhet 15,ds-2007-46.pdf,Säkerhet 2,,,,,,,,,,,,,
,ds-2013-33.pdf,Säkerhet 13,,,,,,,,,,,,,
,,,,,,,,,,,,,,,
Ny räkning nedan:,,,,,,,,,,,,,,,
ds-2007-46.pdf,alliansfrihet,1,,,,,,,,,,,,,
,,,,,,,,,,,,,,,
ds-2013-33.pdf,ansvar,2,,,,,,,,,,,,,
,,,,,,,,,,,,,,,
ds-2013-33.pdf,försvarsberedning,3,,,,,,,,,,,,,
,,,,,,,,,,,,,,,
ds-2013-33.pdf,hot,10,,,,,,,,,,,,,
,,,,,,,,,,,,,,,
ds-2013-33.pdf,inte,1,,,,,,,,,,,,,
ds-2007-46.pdf,inte,1,,,,,,,,,,,,,
,,,,,,,,,,,,,,,
,,,,,,,,,,,,,,,
ds-2007-46.pdf,konflikt,3,,,,,,,,,,,,,
,,,,,,,,,,,,,,,
ds-2007-46.pdf,kris,3,,,,,,,,,,,,,
,,,,,,,,,,,,,,,
ds-2007-46.pdf,krishantering,,,,,,,,,,,,,,
ds-2007-46.pdf,krishantering,2,,,,,,,,,,,,,
,,,,,,,,,,,,,,,
,,,,,,,,,,,,,,,
ds-2007-46.pdf,lite,2,,,,,,,,,,,,,
,,,,,,,,,,,,,,,
ds-2013-33.pdf,nato,9,,,,,,,,,,,,,
,,,,,,,,,,,,,,,
ds-2013-33.pdf,nätverk,1,,,,,,,,,,,,,
,,,,,,,,,,,,,,,
ds-2013-33.pdf,opposition,1,,,,,,,,,,,,,
,,,,,,,,,,,,,,,
ds-2013-33.pdf,risk,1,,,,,,,,,,,,,
,,,,,,,,,,,,,,,
ds-2013-33.pdf,ryssland,2,,,,,,,,,,,,,
,,,,,,,,,,,,,,,
ds-2007-46.pdf,säkerhet,2,,,,,,,,,,,,,
,,,,,,,,,,,,,,,
ds-2013-33.pdf,säkerhet,12,,,,,,,,,,,,,
,,,,,,,,,,,,,,,
ds-2013-33.pdf,samarbete,3,,,,,,,,,,,,,
,,,,,,,,,,,,,,,
ds-2007-46.pdf,tema,1,,,,,,,,,,,,,
,,,,,,,,,,,,,,,
,,,,,,,,,,,,,,,
,,,,,,,,,,,,,,,
,,,,,,,,,,,,,,,
,,,,,,,,,,,,,,,
,,,,,,,,,,,,,,,
,,,,,,,,,,,,,,,
,,,,,,,,,,,,,,,
,,,,,,,,,,,,,,,
A2,A2,A2,A2,,,,,,,,,,,,
,,,,,,,,,,,,,,,
filename,keyword,match,left_context,right_context,full_context,sentiment_neg,sentiment_neu,sentiment_pos,sentiment_compound,flagga kli,,,Ds-2013-33-Vägval i en globaliserad värld.pdf,ansvar,1
Ds-2013-33-Vägval i en globaliserad värld.pdf,ansvar,ansvar,sverige tar genom medlemskapet solidariskt,europas säkerhet kalla krigets slut,sverige tar genom medlemskapet solidariskt ansvar europas säkerhet kalla krigets slut,0.275,0.725,0,-0.5859,k,,,Ds-2013-33-Vägval i en globaliserad värld.pdf,försvar,
Ds-2013-33-Vägval i en globaliserad värld.pdf,försvar,försvarsbyrån,stab military staff eums europeiska,european defence agency eda bistår,stab military staff eums europeiska försvarsbyrån european defence agency eda bistår,0.268,0.634,0.099,-0.5267,k,,,Ds-2013-33-Vägval i en globaliserad värld.pdf,försvar,
Ds-2013-33-Vägval i en globaliserad värld.pdf,försvar,försvarsavtalet,brigadstaber divisionsstab samt marintaktisk stab,2013 fastslår danmark även fortsatt,brigadstaber divisionsstab samt marintaktisk stab försvarsavtalet 2013 fastslår danmark även fortsatt,0.275,0.725,0,-0.5859,k,,,Ds-2013-33-Vägval i en globaliserad värld.pdf,försvar,
Ds-2013-33-Vägval i en globaliserad värld.pdf,försvar,försvar,vilar tre pela stärkt nationellt,samt medlemskap nato terrorism cyberhot,vilar tre pela stärkt nationellt försvar samt medlemskap nato terrorism cyberhot,0.315,0.685,0,-0.6808,k,,,Ds-2013-33-Vägval i en globaliserad värld.pdf,försvar,4
Ds-2013-33-Vägval i en globaliserad värld.pdf,försvar,försvar,hör cyberattacker terrorism stärkt svenskt,sverige måste stort försva både,hör cyberattacker terrorism stärkt svenskt försvar sverige måste stort försva både,0.315,0.685,0,-0.6808,k,,,Ds-2014-20Försvaret-av-Sverige-Starkare-försvar-för-en-osäker-tid.pdf,försvar,
Ds-2014-20Försvaret-av-Sverige-Starkare-försvar-för-en-osäker-tid.pdf,försvar,försvarsberedningen,stat liksom internationell storskalig terrorism,menar uppstå situationer sverige enskilt,stat liksom internationell storskalig terrorism försvarsberedningen menar uppstå situationer sverige enskilt,0.315,0.685,0,-0.6808,k,,,Ds-2014-20Försvaret-av-Sverige-Starkare-försvar-för-en-osäker-tid.pdf,försvarsberedning,2
Ds-2014-20Försvaret-av-Sverige-Starkare-försvar-för-en-osäker-tid.pdf,försvarsberedning,försvarsberedningen,stat liksom internationell storskalig terrorism,menar uppstå situationer sverige enskilt,stat liksom internationell storskalig terrorism försvarsberedningen menar uppstå situationer sverige enskilt,0.315,0.685,0,-0.6808,k,,,Ds-2013-33-Vägval i en globaliserad värld.pdf,hot,
Ds-2013-33-Vägval i en globaliserad värld.pdf,hot,hot,2009 militärdoktrinen 2010 anger militära,faror existerar väst öst söder,2009 militärdoktrinen 2010 anger militära hot faror existerar väst öst söder,0.27,0.73,0,-0.5719,k,,,Ds-2013-33-Vägval i en globaliserad värld.pdf,hot,
Ds-2013-33-Vägval i en globaliserad värld.pdf,hot,hot,yttre mensionen måste beaktas exempel,nämns förutom organiserad brottslighet terrorism,yttre mensionen måste beaktas exempel hot nämns förutom organiserad brottslighet terrorism,0.315,0.685,0,-0.6808,k,,,Ds-2013-33-Vägval i en globaliserad värld.pdf,hot,
Ds-2013-33-Vägval i en globaliserad värld.pdf,hot,hot,enklare samarbeta kring säkerhet främst,definierar terrorism separatism extremism ramen,enklare samarbeta kring säkerhet främst hot definierar terrorism separatism extremism ramen,0.315,0.685,0,-0.6808,k,,,Ds-2013-33-Vägval i en globaliserad värld.pdf,hot,
Ds-2013-33-Vägval i en globaliserad värld.pdf,hot,cyberhot,försvar samt medlemskap nato terrorism,asymmetriska hot ställt krav polen,försvar samt medlemskap nato terrorism cyberhot asymmetriska hot ställt krav polen,0.315,0.685,0,-0.6808,k,,,Ds-2013-33-Vägval i en globaliserad värld.pdf,hot,
Ds-2013-33-Vägval i en globaliserad värld.pdf,hot,hot,medlemskap nato terrorism cyberhot asymmetriska,ställt krav polen ökat sitt,medlemskap nato terrorism cyberhot asymmetriska hot ställt krav polen ökat sitt,0.315,0.685,0,-0.6808,k,,,Ds-2013-33-Vägval i en globaliserad värld.pdf,hot,
Ds-2013-33-Vägval i en globaliserad värld.pdf,hot,hoten,samhällets förmåga hantera ökad sårbarhet,säkerhet äns sektoröverskridande terrorism organisera,samhällets förmåga hantera ökad sårbarhet hoten säkerhet äns sektoröverskridande terrorism organisera,0.315,0.685,0,-0.6808,k,,,Ds-2013-33-Vägval i en globaliserad värld.pdf,hot,
Ds-2013-33-Vägval i en globaliserad värld.pdf,hot,hotbilden,bör betydlig mån återtas bredare,idag hör cyberattacker terrorism stärkt,bör betydlig mån återtas bredare hotbilden idag hör cyberattacker terrorism stärkt,0.315,0.685,0,-0.6808,k,,,Ds-2014-20Försvaret-av-Sverige-Starkare-försvar-för-en-osäker-tid.pdf,hot,1
Ds-2014-20Försvaret-av-Sverige-Starkare-försvar-för-en-osäker-tid.pdf,hot,hoten,gränslösa tidigare såväl antagonistiska ickeantagonistiska,säkerhet gräns sektoröverskridande terrorism organiserad,gränslösa tidigare såväl antagonistiska ickeantagonistiska hoten säkerhet gräns sektoröverskridande terrorism organiserad,0.315,0.685,0,-0.6808,k,,,Ds-2013-33-Vägval i en globaliserad värld.pdf,hot,8
Ds-2013-33-Vägval i en globaliserad värld.pdf,hot,hot,terrorism attacker nätverk system utgör,sällan begränsar lands 2013 norden,terrorism attacker nätverk system utgör hot sällan begränsar lands 2013 norden,0.48,0.52,0,-0.8519,k,,,Ds-2013-33-Vägval i en globaliserad värld.pdf,inte,
Ds-2013-33-Vägval i en globaliserad värld.pdf,inte,internationell,ekonomiska zoner ska ske utifrån,lag historiska argument blan annat,ekonomiska zoner ska ske utifrån internationell lag historiska argument blan annat,0.353,0.647,0,-0.5994,k,,,Ds-2013-33-Vägval i en globaliserad värld.pdf,inte,
Ds-2013-33-Vägval i en globaliserad värld.pdf,inte,internationell,transnationella karaktär bland nämnas cyberattacker,brot tslighet inklusive terrorism samt,transnationella karaktär bland nämnas cyberattacker internationell brot tslighet inklusive terrorism samt,0.315,0.685,0,-0.6808,k,,,Ds-2013-33-Vägval i en globaliserad värld.pdf,inte,3
Ds-2013-33-Vägval i en globaliserad värld.pdf,inte,internationell,ryssland driver osse ska anta,uppförandekod gäller informationssäkerhet samarbetet terrorism,ryssland driver osse ska anta internationell uppförandekod gäller informationssäkerhet samarbetet terrorism,0.315,0.685,0,-0.6808,k,,,Ds-2014-20Försvaret-av-Sverige-Starkare-försvar-för-en-osäker-tid.pdf,inte,1
Ds-2014-20Försvaret-av-Sverige-Starkare-försvar-för-en-osäker-tid.pdf,inte,internationell,angrepp sverige annan stat liksom,storskalig terrorism försvarsberedningen menar uppstå,angrepp sverige annan stat liksom internationell storskalig terrorism försvarsberedningen menar uppstå,0.315,0.685,0,-0.6808,k,,,Ds-2014-20Försvaret-av-Sverige-Starkare-försvar-för-en-osäker-tid.pdf,konflikt,1
Ds-2014-20Försvaret-av-Sverige-Starkare-försvar-för-en-osäker-tid.pdf,konflikt,konfliktförebyggande,osse leder ökad säkerhet verkar,bidrar bekämpa terrorism organiserad brottslighet,osse leder ökad säkerhet verkar konfliktförebyggande bidrar bekämpa terrorism organiserad brottslighet,0.315,0.685,0,-0.6808,k,,,Ds-2013-33-Vägval i en globaliserad värld.pdf,kris,1
Ds-2013-33-Vägval i en globaliserad värld.pdf,kris,kris,globala flöden terrorism cybersäkerhet civ,beredskapsplanering säkerheten euroatlantiska området samt,globala flöden terrorism cybersäkerhet civ kris beredskapsplanering säkerheten euroatlantiska området samt,0.315,0.685,0,-0.6808,k,,,Ds-2013-33-Vägval i en globaliserad värld.pdf,lite,1
Ds-2013-33-Vägval i en globaliserad värld.pdf,lite,instabilitet,massförstörelsevapen ballist iska robotar terrorism,konflikter nato närområde cyberattacker hot,massförstörelsevapen ballist iska robotar terrorism instabilitet konflikter nato närområde cyberattacker hot,0.315,0.685,0,-0.6808,k,,,Ds-2013-33-Vägval i en globaliserad värld.pdf,nato,
Ds-2013-33-Vägval i en globaliserad värld.pdf,nato,natos,aktiviteterna ramen pooling and sharing,smart defence fungerat väl samarbetet,aktiviteterna ramen pooling and sharing natos smart defence fungerat väl samarbetet,0,0.537,0.463,0.7096,k,,,Ds-2013-33-Vägval i en globaliserad värld.pdf,nato,
Ds-2013-33-Vägval i en globaliserad värld.pdf,nato,natos,pff avseende pooling and sharing,smart defence sker finns gemensamt,pff avseende pooling and sharing natos smart defence sker finns gemensamt,0,0.537,0.463,0.7096,k,,,Ds-2014-20Försvaret-av-Sverige-Starkare-försvar-för-en-osäker-tid.pdf,nato,2
Ds-2014-20Försvaret-av-Sverige-Starkare-försvar-för-en-osäker-tid.pdf,nato,nato,förmågeutveckling både pooling and sharing,smart defence norden initiativ tagits,förmågeutveckling både pooling and sharing nato smart defence norden initiativ tagits,0,0.537,0.463,0.7096,k,,,Ds-2014-20Försvaret-av-Sverige-Starkare-försvar-för-en-osäker-tid.pdf,nato,
Ds-2014-20Försvaret-av-Sverige-Starkare-försvar-för-en-osäker-tid.pdf,nato,nato,expertgrupp uppgift natoackrediterade centret cybersäkerhet,cooperative cyber defence centre excellence,expertgrupp uppgift natoackrediterade centret cybersäkerhet nato cooperative cyber defence centre excellence,0,0.621,0.379,0.6705,k,,,Ds-2013-33-Vägval i en globaliserad värld.pdf,nato,
Ds-2013-33-Vägval i en globaliserad värld.pdf,nato,nato,läggs minska ryska inflytandet sektorn,etablerade 2012 sitt energy security,läggs minska ryska inflytandet sektorn nato etablerade 2012 sitt energy security,0,0.667,0.333,0.5423,k,,,Ds-2013-33-Vägval i en globaliserad värld.pdf,nato,4
Ds-2013-33-Vägval i en globaliserad värld.pdf,nato,nato,stärkt nationellt försvar samt medlemskap,terrorism cyberhot asymmetriska hot ställt,stärkt nationellt försvar samt medlemskap nato terrorism cyberhot asymmetriska hot ställt,0.315,0.685,0,-0.6808,k,,,Ds-2013-33-Vägval i en globaliserad värld.pdf,risk,1
Ds-2013-33-Vägval i en globaliserad värld.pdf,risk,asymmetriska,samt medlemskap nato terrorism cyberhot,hot ställt krav polen ökat,samt medlemskap nato terrorism cyberhot asymmetriska hot ställt krav polen ökat,0.315,0.685,0,-0.6808,k,,,Ds-2013-33-Vägval i en globaliserad värld.pdf,säkerhet,
Ds-2013-33-Vägval i en globaliserad värld.pdf,säkerhet,säkerhetspolitik,försvars säkerhetspolitik förutsättningarna sveriges försvars,förändrats grunden kalla krigets slut,försvars säkerhetspolitik förutsättningarna sveriges försvars säkerhetspolitik förändrats grunden kalla krigets slut,0.275,0.725,0,-0.5859,k,,,Ds-2013-33-Vägval i en globaliserad värld.pdf,säkerhet,
Ds-2013-33-Vägval i en globaliserad värld.pdf,säkerhet,säkerhet,genom medlemskapet solidariskt ansvar europas,kalla krigets slut svenska säkerhetspolitiken,genom medlemskapet solidariskt ansvar europas säkerhet kalla krigets slut svenska säkerhetspolitiken,0.275,0.725,0,-0.5859,k,,,Ds-2013-33-Vägval i en globaliserad värld.pdf,säkerhet,
Ds-2013-33-Vägval i en globaliserad värld.pdf,säkerhet,säkerhetspolitiken,säkerhet kalla krigets slut svenska,ändrats grunden medlemskapet förändrade förutsättningarna,säkerhet kalla krigets slut svenska säkerhetspolitiken ändrats grunden medlemskapet förändrade förutsättningarna,0.275,0.725,0,-0.5859,k,,,Ds-2013-33-Vägval i en globaliserad värld.pdf,säkerhet,
Ds-2013-33-Vägval i en globaliserad värld.pdf,säkerhet,cybersäkerhet,säkerhetsutmaningar råden globala flöden terrorism,civ kris beredskapsplanering säkerheten euroatlantiska,säkerhetsutmaningar råden globala flöden terrorism cybersäkerhet civ kris beredskapsplanering säkerheten euroatlantiska,0.315,0.685,0,-0.6808,k,,,Ds-2013-33-Vägval i en globaliserad värld.pdf,säkerhet,
Ds-2013-33-Vägval i en globaliserad värld.pdf,säkerhet,säkerheten,terrorism cybersäkerhet civ kris beredskapsplanering,euroatlantiska området samt faktum nato,terrorism cybersäkerhet civ kris beredskapsplanering säkerheten euroatlantiska området samt faktum nato,0.315,0.685,0,-0.6808,k,,,Ds-2013-33-Vägval i en globaliserad värld.pdf,säkerhet,
Ds-2013-33-Vägval i en globaliserad värld.pdf,säkerhet,säkerhet,sco funnit enklare samarbeta kring,främst hot definierar terrorism separatism,sco funnit enklare samarbeta kring säkerhet främst hot definierar terrorism separatism,0.315,0.685,0,-0.6808,k,,,Ds-2013-33-Vägval i en globaliserad värld.pdf,säkerhet,
Ds-2013-33-Vägval i en globaliserad värld.pdf,säkerhet,informationssäkerhet,ska anta internationell uppförandekod gäller,samarbetet terrorism shanghai cooperation organisation,ska anta internationell uppförandekod gäller informationssäkerhet samarbetet terrorism shanghai cooperation organisation,0.315,0.685,0,-0.6808,k,,,Ds-2013-33-Vägval i en globaliserad värld.pdf,säkerhet,9
Ds-2013-33-Vägval i en globaliserad värld.pdf,säkerhet,säkerhet,förmåga hantera ökad sårbarhet hoten,äns sektoröverskridande terrorism organisera brottslighet,förmåga hantera ökad sårbarhet hoten säkerhet äns sektoröverskridande terrorism organisera brottslighet,0.315,0.685,0,-0.6808,k,,,Ds-2014-20Försvaret-av-Sverige-Starkare-försvar-för-en-osäker-tid.pdf,säkerhet,
Ds-2014-20Försvaret-av-Sverige-Starkare-försvar-för-en-osäker-tid.pdf,säkerhet,säkerhet,tidigare såväl antagonistiska ickeantagonistiska hoten,gräns sektoröverskridande terrorism organiserad brottslighet,tidigare såväl antagonistiska ickeantagonistiska hoten säkerhet gräns sektoröverskridande terrorism organiserad brottslighet,0.315,0.685,0,-0.6808,k,,,Ds-2014-20Försvaret-av-Sverige-Starkare-försvar-för-en-osäker-tid.pdf,säkerhet,2
Ds-2014-20Försvaret-av-Sverige-Starkare-försvar-för-en-osäker-tid.pdf,säkerhet,säkerhet,samarbete europa osse leder ökad,verkar konfliktförebyggande bidrar bekämpa terrorism,samarbete europa osse leder ökad säkerhet verkar konfliktförebyggande bidrar bekämpa terrorism,0.315,0.685,0,-0.6808,k,,,Ds-2013-33-Vägval i en globaliserad värld.pdf,säkerhet,1
Ds-2013-33-Vägval i en globaliserad värld.pdf,säkerhet,säkerhetsfrågor,utmaningar länderna sydeuropa brottas transnationella,organiserad brottslighet terrorism illegal invandring,utmaningar länderna sydeuropa brottas transnationella säkerhetsfrågor organiserad brottslighet terrorism illegal invandring,0.477,0.523,0,-0.8481,k,,,Ds-2013-33-Vägval i en globaliserad värld.pdf,samarbete,
Ds-2013-33-Vägval i en globaliserad värld.pdf,samarbete,rsvarssamarbetet,military peace support nordefco nordiska,nordic defence cooperation nordhels nordiskt,military peace support nordefco nordiska rsvarssamarbetet nordic defence cooperation nordhels nordiskt,0,0.513,0.487,0.765,k,,,Ds-2014-20Försvaret-av-Sverige-Starkare-försvar-för-en-osäker-tid.pdf,samarbete,1
Ds-2014-20Försvaret-av-Sverige-Starkare-försvar-för-en-osäker-tid.pdf,samarbete,samarbeten,institute peace utvecklingen försvars säkerhetspolitiska,2014 eip bidrag förstärka globala,institute peace utvecklingen försvars säkerhetspolitiska samarbeten 2014 eip bidrag förstärka globala,0,0.741,0.259,0.5423,k,,,Ds-2013-33-Vägval i en globaliserad värld.pdf,samarbete,2
Ds-2013-33-Vägval i en globaliserad värld.pdf,samarbete,samarbetet,anta internationell uppförandekod gäller informationssäkerhet,terrorism shanghai cooperation organisation 2012,anta internationell uppförandekod gäller informationssäkerhet samarbetet terrorism shanghai cooperation organisation 2012,0.315,0.685,0,-0.6808,k,,,Ds-2013-33-Vägval i en globaliserad värld.pdf,stabilitet,1
Ds-2013-33-Vägval i en globaliserad värld.pdf,stabilitet,instabilitet,massförstörelsevapen ballist iska robotar terrorism,konflikter nato närområde cyberattacker hot,massförstörelsevapen ballist iska robotar terrorism instabilitet konflikter nato närområde cyberattacker hot,0.315,0.685,0,-0.6808,k,,,,,
,,,,,,,,,,,,,,,
,,,,,,,,,,,,,,,
Ds-2013-33-Vägval i en globaliserad värld.pdf,försvar,4,,,,,,,,,,,,,
Ds-2014-20Försvaret-av-Sverige-Starkare-försvar-för-en-osäker-tid.pdf,försvar,2,,,,,,,,,,,,,
,,,,,,,,,,,,,,,
Ds-2013-33-Vägval i en globaliserad värld.pdf,hot,7,,,,,,,,,,,,,
Ds-2014-20Försvaret-av-Sverige-Starkare-försvar-för-en-osäker-tid.pdf,hot,1,,,,,,,,,,,,,
,,,,,,,,,,,,,,,
Ds-2013-33-Vägval i en globaliserad värld.pdf,internationell,4,,,,,,,,,,,,,
,,,,,,,,,,,,,,,
Ds-2013-33-Vägval i en globaliserad värld.pdf,nato,2,,,,,,,,,,,,,
Ds-2014-20Försvaret-av-Sverige-Starkare-försvar-för-en-osäker-tid.pdf,nato,4,,,,,,,,,,,,,
,,,,,,,,,,,,,,,
Ds-2013-33-Vägval i en globaliserad värld.pdf,säkerhet,9,,,,,,,,,,,,,
Ds-2014-20Försvaret-av-Sverige-Starkare-försvar-för-en-osäker-tid.pdf,säkerhet,2,,,,,,,,,,,,,
,,,,,,,,,,,,,,,
Ds-2013-33-Vägval i en globaliserad värld.pdf,samarbete,2,,,,,,,,,,,,,
Ds-2014-20Försvaret-av-Sverige-Starkare-försvar-för-en-osäker-tid.pdf,samarbete,1,,,,,,,,,,,,,
,,,,,,,,,,,,,,,
,,,,,,,,,,,,,,,
Ny räkning nedan:,,,,,,,,,,,,,,,
Ds-2013-33-Vägval i en globaliserad värld.pdf,ansvar,1,,,,,,,,,,,,,
,,,,,,,,,,,,,,,
Ds-2013-33-Vägval i en globaliserad värld.pdf,försvar,4,,,,,,,,,,,,,
,,,,,,,,,,,,,,,
Ds-2014-20Försvaret-av-Sverige-Starkare-försvar-för-en-osäker-tid.pdf,försvarsberedning,2,,,,,,,,,,,,,
,,,,,,,,,,,,,,,
Ds-2014-20Försvaret-av-Sverige-Starkare-försvar-för-en-osäker-tid.pdf,hot,1,,,,,,,,,,,,,
Ds-2013-33-Vägval i en globaliserad värld.pdf,hot,8,,,,,,,,,,,,,
,,,,,,,,,,,,,,,
Ds-2013-33-Vägval i en globaliserad värld.pdf,inte,3,,,,,,,,,,,,,
,,,,,,,,,,,,,,,
Ds-2014-20Försvaret-av-Sverige-Starkare-försvar-för-en-osäker-tid.pdf,inte,1,,,,,,,,,,,,,
,,,,,,,,,,,,,,,
Ds-2014-20Försvaret-av-Sverige-Starkare-försvar-för-en-osäker-tid.pdf,konflikt,1,,,,,,,,,,,,,
,,,,,,,,,,,,,,,
Ds-2013-33-Vägval i en globaliserad värld.pdf,kris,1,,,,,,,,,,,,,
,,,,,,,,,,,,,,,
Ds-2013-33-Vägval i en globaliserad värld.pdf,lite,1,,,,,,,,,,,,,
,,,,,,,,,,,,,,,
Ds-2014-20Försvaret-av-Sverige-Starkare-försvar-för-en-osäker-tid.pdf,nato,2,,,,,,,,,,,,,
Ds-2013-33-Vägval i en globaliserad värld.pdf,nato,4,,,,,,,,,,,,,
,,,,,,,,,,,,,,,
Ds-2013-33-Vägval i en globaliserad värld.pdf,risk,1,,,,,,,,,,,,,
,,,,,,,,,,,,,,,
Ds-2013-33-Vägval i en globaliserad värld.pdf,säkerhet,9,,,,,,,,,,,,,
,,,,,,,,,,,,,,,
Ds-2014-20Försvaret-av-Sverige-Starkare-försvar-för-en-osäker-tid.pdf,säkerhet,2,,,,,,,,,,,,,
,,,,,,,,,,,,,,,
Ds-2013-33-Vägval i en globaliserad värld.pdf,säkerhet,1,,,,,,,,,,,,,
,,,,,,,,,,,,,,,
Ds-2014-20Försvaret-av-Sverige-Starkare-försvar-för-en-osäker-tid.pdf,samarbete,1,,,,,,,,,,,,,
Ds-2013-33-Vägval i en globaliserad värld.pdf,samarbete,2,,,,,,,,,,,,,
,,,,,,,,,,,,,,,
Ds-2013-33-Vägval i en globaliserad värld.pdf,stabilitet,1,,,,,,,,,,,,,
,,,,,,,,,,,,,,,
,,,,,,,,,,,,,,,
,,,,,,,,,,,,,,,
,,,,,,,,,,,,,,,
,,,,,,,,,,,,,,,
,,,,,,,,,,,,,,,
,,,,,,,,,,,,,,,
,,,,,,,,,,,,,,,
,,,,,,,,,,,,,,,
,,,,,,,,,,,,,,,
,,,,,,,,,,,,,,,
,,,,,,,,,,,,,,,
,,,,,,,,,,,,,,,
,,,,,,,,,,,,,,,
A3,A3,A3,A3,A3,,,,,,,,,,,
Ds-2017-66-motstandskraft-inriktningen-av-totalforsvaret-och-2021-2025-utformningen-av-det-civila-forsvaret.pdf,förändring,förändringar,motstå påfrestningar arbetet utgå ifrån,samhället genomgått kalla krigets slut,motstå påfrestningar arbetet utgå ifrån förändringar samhället genomgått kalla krigets slut,0.275,0.725,0,-0.5859,k,,,Ds-2017-66-motstandskraft-inriktningen-av-totalforsvaret-och-2021-2025-utformningen-av-det-civila-forsvaret.pdf,förändring,1
Ds-2017-66-motstandskraft-inriktningen-av-totalforsvaret-och-2021-2025-utformningen-av-det-civila-forsvaret.pdf,försvar,försvarsmakten,planeringen måste ske nära dialog,skapa uthållighet krig gråzonssituation sabotage,planeringen måste ske nära dialog försvarsmakten skapa uthållighet krig gråzonssituation sabotage,0.254,0.746,0,-0.5267,I,,,Ds-2017-66-motstandskraft-inriktningen-av-totalforsvaret-och-2021-2025-utformningen-av-det-civila-forsvaret.pdf,försvar,
Ds-2014-20Försvaret-av-Sverige-Starkare-försvar-för-en-osäker-tid.pdf,försvar,försvars,fredsinstitut european institute peace utvecklingen,säkerhetspolitiska samarbeten 2014 eip bidrag,fredsinstitut european institute peace utvecklingen försvars säkerhetspolitiska samarbeten 2014 eip bidrag,0,0.741,0.259,0.5423,k,,,Ds-2014-20Försvaret-av-Sverige-Starkare-försvar-för-en-osäker-tid.pdf,försvar,
Ds-2017-66-motstandskraft-inriktningen-av-totalforsvaret-och-2021-2025-utformningen-av-det-civila-forsvaret.pdf,försvar,försvarsmakten,uppkomma kalla krigets slut även,genomgått genom gripande organisations infrastrukturförändringar,uppkomma kalla krigets slut även försvarsmakten genomgått genom gripande organisations infrastrukturförändringar,0.275,0.725,0,-0.5859,k,,,Ds-2017-66-motstandskraft-inriktningen-av-totalforsvaret-och-2021-2025-utformningen-av-det-civila-forsvaret.pdf,försvar,2
Ds-2014-20Försvaret-av-Sverige-Starkare-försvar-för-en-osäker-tid.pdf,försvar,försvarsberedningen,stat liksom internationell storskalig terrorism,menar uppstå situationer sverige enskilt,stat liksom internationell storskalig terrorism försvarsberedningen menar uppstå situationer sverige enskilt,0.315,0.685,0,-0.6808,k,,,Ds-2014-20Försvaret-av-Sverige-Starkare-försvar-för-en-osäker-tid.pdf,försvar,3
Ds-2014-20Försvaret-av-Sverige-Starkare-försvar-för-en-osäker-tid.pdf,försvarsberedning,försvarsberedningen,stat liksom internationell storskalig terrorism,menar uppstå situationer sverige enskilt,stat liksom internationell storskalig terrorism försvarsberedningen menar uppstå situationer sverige enskilt,0.315,0.685,0,-0.6808,k,,,Ds-2014-20Försvaret-av-Sverige-Starkare-försvar-för-en-osäker-tid.pdf,försvarsberedning,
Ds-2017-66-motstandskraft-inriktningen-av-totalforsvaret-och-2021-2025-utformningen-av-det-civila-forsvaret.pdf,hot,hybridhot,hybrid fusion cell öka medvetenheten,europeiskt kunskapscentrum center excellence for,hybrid fusion cell öka medvetenheten hybridhot europeiskt kunskapscentrum center excellence for,0,0.709,0.291,0.6249,I,,,Ds-2017-66-motstandskraft-inriktningen-av-totalforsvaret-och-2021-2025-utformningen-av-det-civila-forsvaret.pdf,hot,
Ds-2017-66-motstandskraft-inriktningen-av-totalforsvaret-och-2021-2025-utformningen-av-det-civila-forsvaret.pdf,hot,hot,aktivt hantera konsekvenserna civila militära,händelser attacker angrepp cybermiljön måste,aktivt hantera konsekvenserna civila militära hot händelser attacker angrepp cybermiljön måste,0.27,0.73,0,-0.5719,k,,,Ds-2017-66-motstandskraft-inriktningen-av-totalforsvaret-och-2021-2025-utformningen-av-det-civila-forsvaret.pdf,hot,2
Ds-2017-66-motstandskraft-inriktningen-av-totalforsvaret-och-2021-2025-utformningen-av-det-civila-forsvaret.pdf,inte,internationell,excellence ccd coe avsaknad tydlig,överenskommelse området ofta använts referenspunkt,excellence ccd coe avsaknad tydlig internationell överenskommelse området ofta använts referenspunkt,0,0.709,0.291,0.6249,k,,,Ds-2017-66-motstandskraft-inriktningen-av-totalforsvaret-och-2021-2025-utformningen-av-det-civila-forsvaret.pdf,inte,
Ds-2017-66-motstandskraft-inriktningen-av-totalforsvaret-och-2021-2025-utformningen-av-det-civila-forsvaret.pdf,inte,integrerad,andra förmågor specifika scenarier arrangemang,politisk krishantering integrated political crisis,andra förmågor specifika scenarier arrangemang integrerad politisk krishantering integrated political crisis,0.291,0.709,0,-0.6249,k,,,Ds-2017-66-motstandskraft-inriktningen-av-totalforsvaret-och-2021-2025-utformningen-av-det-civila-forsvaret.pdf,inte,
Ds-2014-20Försvaret-av-Sverige-Starkare-försvar-för-en-osäker-tid.pdf,inte,internationell,angrepp sverige annan stat liksom,storskalig terrorism försvarsberedningen menar uppstå,angrepp sverige annan stat liksom internationell storskalig terrorism försvarsberedningen menar uppstå,0.315,0.685,0,-0.6808,k,,,Ds-2014-20Försvaret-av-Sverige-Starkare-försvar-för-en-osäker-tid.pdf,inte,1
Ds-2017-66-motstandskraft-inriktningen-av-totalforsvaret-och-2021-2025-utformningen-av-det-civila-forsvaret.pdf,inte,integr,fler cyberattacker incidenter utgöra förstadier,erade delar väpnad konflikt terrorism,fler cyberattacker incidenter utgöra förstadier integr erade delar väpnad konflikt terrorism,0.315,0.685,0,-0.6808,k,,,Ds-2017-66-motstandskraft-inriktningen-av-totalforsvaret-och-2021-2025-utformningen-av-det-civila-forsvaret.pdf,inte,3
filename,keyword,match,left_context,right_context,full_context,sentiment_neg,sentiment_neu,sentiment_pos,sentiment_compound,flagga,,,filename,keyword,
Ds-2017-66-motstandskraft-inriktningen-av-totalforsvaret-och-2021-2025-utformningen-av-det-civila-forsvaret.pdf,konflikt,konflikt,förstadier integr erade delar väpnad,terrorism våldsbejakande extremism utgör påtagliga,förstadier integr erade delar väpnad konflikt terrorism våldsbejakande extremism utgör påtagliga,0.315,0.685,0,-0.6808,k,,,Ds-2017-66-motstandskraft-inriktningen-av-totalforsvaret-och-2021-2025-utformningen-av-det-civila-forsvaret.pdf,konflikt,1
Ds-2017-66-motstandskraft-inriktningen-av-totalforsvaret-och-2021-2025-utformningen-av-det-civila-forsvaret.pdf,kris,krishantering,specifika scenarier arrangemang integrerad politisk,integrated political crisis response arrangements,specifika scenarier arrangemang integrerad politisk krishantering integrated political crisis response arrangements,0.291,0.709,0,-0.6249,k,,,Ds-2017-66-motstandskraft-inriktningen-av-totalforsvaret-och-2021-2025-utformningen-av-det-civila-forsvaret.pdf,kris,
Ds-2017-66-motstandskraft-inriktningen-av-totalforsvaret-och-2021-2025-utformningen-av-det-civila-forsvaret.pdf,krishantering,krishantering,specifika scenarier arrangemang integrerad politisk,integrated political crisis response arrangements,specifika scenarier arrangemang integrerad politisk krishantering integrated political crisis response arrangements,0.291,0.709,0,-0.6249,k,,,Ds-2017-66-motstandskraft-inriktningen-av-totalforsvaret-och-2021-2025-utformningen-av-det-civila-forsvaret.pdf,krishantering,2
Ds-2014-20Försvaret-av-Sverige-Starkare-försvar-för-en-osäker-tid.pdf,nato,nato,förmågeutveckling både pooling and sharing,smart defence norden initiativ tagits,förmågeutveckling både pooling and sharing nato smart defence norden initiativ tagits,0,0.537,0.463,0.7096,k,,,Ds-2014-20Försvaret-av-Sverige-Starkare-försvar-för-en-osäker-tid.pdf,nato,
Ds-2014-20Försvaret-av-Sverige-Starkare-försvar-för-en-osäker-tid.pdf,nato,nato,expertgrupp uppgift natoackrediterade centret cybersäkerhet,cooperative cyber defence centre excellence,expertgrupp uppgift natoackrediterade centret cybersäkerhet nato cooperative cyber defence centre excellence,0,0.621,0.379,0.6705,k,,,Ds-2014-20Försvaret-av-Sverige-Starkare-försvar-för-en-osäker-tid.pdf,nato,2
Ds-2017-66-motstandskraft-inriktningen-av-totalforsvaret-och-2021-2025-utformningen-av-det-civila-forsvaret.pdf,nato,nato,cybersäkerhetsområdet cyberangrepp landet utsattes 2007,cooperative cyber defence center excellence,cybersäkerhetsområdet cyberangrepp landet utsattes 2007 nato cooperative cyber defence center excellence,0,0.621,0.379,0.6705,k,,,Ds-2017-66-motstandskraft-inriktningen-av-totalforsvaret-och-2021-2025-utformningen-av-det-civila-forsvaret.pdf,nato,
Ds-2017-66-motstandskraft-inriktningen-av-totalforsvaret-och-2021-2025-utformningen-av-det-civila-forsvaret.pdf,nato,nato,omfattande manual tallinnmanualen tagits fram,cooperative cyber defence center excellence,omfattande manual tallinnmanualen tagits fram nato cooperative cyber defence center excellence,0,0.621,0.379,0.6705,k,,,Ds-2017-66-motstandskraft-inriktningen-av-totalforsvaret-och-2021-2025-utformningen-av-det-civila-forsvaret.pdf,nato,
Ds-2017-66-motstandskraft-inriktningen-av-totalforsvaret-och-2021-2025-utformningen-av-det-civila-forsvaret.pdf,nato,nato,introducerats skolan temat allmän säkerhet,strategic communic ation centre excellence,introducerats skolan temat allmän säkerhet nato strategic communic ation centre excellence,0,0.709,0.291,0.6249,k,,,Ds-2017-66-motstandskraft-inriktningen-av-totalforsvaret-och-2021-2025-utformningen-av-det-civila-forsvaret.pdf,nato,
Ds-2017-66-motstandskraft-inriktningen-av-totalforsvaret-och-2021-2025-utformningen-av-det-civila-forsvaret.pdf,nato,nato,strategic communic ation centre excellence,stratcom coe ligger riga centret,strategic communic ation centre excellence nato stratcom coe ligger riga centret,0,0.709,0.291,0.6249,k,,,Ds-2017-66-motstandskraft-inriktningen-av-totalforsvaret-och-2021-2025-utformningen-av-det-civila-forsvaret.pdf,nato,4
Ds-2017-66-motstandskraft-inriktningen-av-totalforsvaret-och-2021-2025-utformningen-av-det-civila-forsvaret.pdf,nätverk,nätverksoperationer,diplomatiska ekonomiska påtryckningar samt påverkansoperationer,sabotage också militära maktmedel utgöra,diplomatiska ekonomiska påtryckningar samt påverkansoperationer nätverksoperationer sabotage också militära maktmedel utgöra,0.254,0.746,0,-0.5267,k,,,Ds-2017-66-motstandskraft-inriktningen-av-totalforsvaret-och-2021-2025-utformningen-av-det-civila-forsvaret.pdf,nätverk,
Ds-2017-66-motstandskraft-inriktningen-av-totalforsvaret-och-2021-2025-utformningen-av-det-civila-forsvaret.pdf,nätverk,nätverk,informationsteknologin röra attacker underrättelseinhämtning via,cyberattacker påverkansoperationer aktioner via ombud,informationsteknologin röra attacker underrättelseinhämtning via nätverk cyberattacker påverkansoperationer aktioner via ombud,0.27,0.73,0,-0.5719,k,,,Ds-2017-66-motstandskraft-inriktningen-av-totalforsvaret-och-2021-2025-utformningen-av-det-civila-forsvaret.pdf,nätverk,2
Ds-2014-20Försvaret-av-Sverige-Starkare-försvar-för-en-osäker-tid.pdf,säkerhet,säkerhetspolitiska,european institute peace utvecklingen försvars,samarbeten 2014 eip bidrag förstärka,european institute peace utvecklingen försvars säkerhetspolitiska samarbeten 2014 eip bidrag förstärka,0,0.741,0.259,0.5423,k,,,Ds-2014-20Försvaret-av-Sverige-Starkare-försvar-för-en-osäker-tid.pdf,säkerhet,
Ds-2017-66-motstandskraft-inriktningen-av-totalforsvaret-och-2021-2025-utformningen-av-det-civila-forsvaret.pdf,säkerhet,säkerhetspolitiska,slut snabba akademiska trends kiften,omvärldsförändringar lätt urholkar etablerade forskningsmiljöer,slut snabba akademiska trends kiften säkerhetspolitiska omvärldsförändringar lätt urholkar etablerade forskningsmiljöer,0.275,0.725,0,-0.5859,k,,,Ds-2017-66-motstandskraft-inriktningen-av-totalforsvaret-och-2021-2025-utformningen-av-det-civila-forsvaret.pdf,säkerhet,1
Ds-2014-20Försvaret-av-Sverige-Starkare-försvar-för-en-osäker-tid.pdf,säkerhet,säkerhet,samarbete europa osse leder ökad,verkar konfliktförebyggande bidrar bekämpa terrorism,samarbete europa osse leder ökad säkerhet verkar konfliktförebyggande bidrar bekämpa terrorism,0.315,0.685,0,-0.6808,k,,,Ds-2014-20Försvaret-av-Sverige-Starkare-försvar-för-en-osäker-tid.pdf,säkerhet,1
Ds-2014-20Försvaret-av-Sverige-Starkare-försvar-för-en-osäker-tid.pdf,samarbete,samarbete,risker alltför snabbt konstatera nära,usa enda vägen lösa problem,risker alltför snabbt konstatera nära samarbete usa enda vägen lösa problem,0.333,0.667,0,-0.5423,f,,,Ds-2014-20Försvaret-av-Sverige-Starkare-försvar-för-en-osäker-tid.pdf,samarbete,
Ds-2014-20Försvaret-av-Sverige-Starkare-försvar-för-en-osäker-tid.pdf,samarbete,samarbeten,institute peace utvecklingen försvars säkerhetspolitiska,2014 eip bidrag förstärka globala,institute peace utvecklingen försvars säkerhetspolitiska samarbeten 2014 eip bidrag förstärka globala,0,0.741,0.259,0.5423,k,,,Ds-2014-20Försvaret-av-Sverige-Starkare-försvar-för-en-osäker-tid.pdf,samarbete,2
Ds-2014-20Försvaret-av-Sverige-Starkare-försvar-för-en-osäker-tid.pdf,utveckling,utvecklingen,europeiskt fredsinstitut european institute peace,försvars säkerhetspolitiska samarbeten 2014 eip,europeiskt fredsinstitut european institute peace utvecklingen försvars säkerhetspolitiska samarbeten 2014 eip,0,0.741,0.259,0.5423,k,,,Ds-2014-20Försvaret-av-Sverige-Starkare-försvar-för-en-osäker-tid.pdf,utveckling,1
,,,,,,,,,,,,,,,
,,,,,,,,,,,,,,,
Ds-2014-20Försvaret-av-Sverige-Starkare-försvar-för-en-osäker-tid.pdf,försvar,4,,,,,,,,,,,,,
Ds-2017-66-motstandskraft-inriktningen-av-totalforsvaret-och-2021-2025-utformningen-av-det-civila-forsvaret.pdf,försvar,2,,,,,,,,,,,,,
Ds-2017-66-motstandskraft-inriktningen-av-totalforsvaret-och-2021-2025-utformningen-av-det-civila-forsvaret.pdf,hot,2,,,,,,,,,,,,,
Ds-2017-66-motstandskraft-inriktningen-av-totalforsvaret-och-2021-2025-utformningen-av-det-civila-forsvaret.pdf,internationell,2,,,,,,,,,,,,,
Ds-2017-66-motstandskraft-inriktningen-av-totalforsvaret-och-2021-2025-utformningen-av-det-civila-forsvaret.pdf,kris,1,,,,,,,,,,,,,
Ds-2017-66-motstandskraft-inriktningen-av-totalforsvaret-och-2021-2025-utformningen-av-det-civila-forsvaret.pdf,krishantering,1,,,,,,,,,,,,,
Ds-2014-20Försvaret-av-Sverige-Starkare-försvar-för-en-osäker-tid.pdf,nato,2,,,,,,,,,,,,,
Ds-2017-66-motstandskraft-inriktningen-av-totalforsvaret-och-2021-2025-utformningen-av-det-civila-forsvaret.pdf,nato,4,,,,,,,,,,,,,
Ds-2017-66-motstandskraft-inriktningen-av-totalforsvaret-och-2021-2025-utformningen-av-det-civila-forsvaret.pdf,nätverk,2,,,,,,,,,,,,,
Ds-2014-20Försvaret-av-Sverige-Starkare-försvar-för-en-osäker-tid.pdf,säkerhet,2,,,,,,,,,,,,,
Ds-2017-66-motstandskraft-inriktningen-av-totalforsvaret-och-2021-2025-utformningen-av-det-civila-forsvaret.pdf,säkerhet,1,,,,,,,,,,,,,
Ds-2014-20Försvaret-av-Sverige-Starkare-försvar-för-en-osäker-tid.pdf,samarbete,2,,,,,,,,,,,,,
,,,,,,,,,,,,,,,
,,,,,,,,,,,,,,,
Ny räkning nedan:,,,,,,,,,,,,,,,
Ds-2017-66-motstandskraft-inriktningen-av-totalforsvaret-och-2021-2025-utformningen-av-det-civila-forsvaret.pdf,förändring,1,,,,,,,,,,,,,
,,,,,,,,,,,,,,,
Ds-2017-66-motstandskraft-inriktningen-av-totalforsvaret-och-2021-2025-utformningen-av-det-civila-forsvaret.pdf,försvar,2,,,,,,,,,,,,,
Ds-2014-20Försvaret-av-Sverige-Starkare-försvar-för-en-osäker-tid.pdf,försvar,3,,,,,,,,,,,,,
,,,,,,,,,,,,,,,
Ds-2014-20Försvaret-av-Sverige-Starkare-försvar-för-en-osäker-tid.pdf,försvarsberedning,1,,,,,,,,,,,,,
,,,,,,,,,,,,,,,
,,,,,,,,,,,,,,,
Ds-2017-66-motstandskraft-inriktningen-av-totalforsvaret-och-2021-2025-utformningen-av-det-civila-forsvaret.pdf,hot,2,,,,,,,,,,,,,
,,,,,,,,,,,,,,,
Ds-2014-20Försvaret-av-Sverige-Starkare-försvar-för-en-osäker-tid.pdf,inte,1,,,,,,,,,,,,,
Ds-2017-66-motstandskraft-inriktningen-av-totalforsvaret-och-2021-2025-utformningen-av-det-civila-forsvaret.pdf,inte,3,,,,,,,,,,,,,
,,,,,,,,,,,,,,,
Ds-2017-66-motstandskraft-inriktningen-av-totalforsvaret-och-2021-2025-utformningen-av-det-civila-forsvaret.pdf,konflikt,1,,,,,,,,,,,,,
,,,,,,,,,,,,,,,
Ds-2017-66-motstandskraft-inriktningen-av-totalforsvaret-och-2021-2025-utformningen-av-det-civila-forsvaret.pdf,krishantering,2,,,,,,,,,,,,,
,,,,,,,,,,,,,,,
,,,,,,,,,,,,,,,
Ds-2014-20Försvaret-av-Sverige-Starkare-försvar-för-en-osäker-tid.pdf,nato,2,,,,,,,,,,,,,
Ds-2017-66-motstandskraft-inriktningen-av-totalforsvaret-och-2021-2025-utformningen-av-det-civila-forsvaret.pdf,nato,4,,,,,,,,,,,,,
,,,,,,,,,,,,,,,
Ds-2017-66-motstandskraft-inriktningen-av-totalforsvaret-och-2021-2025-utformningen-av-det-civila-forsvaret.pdf,nätverk,2,,,,,,,,,,,,,
,,,,,,,,,,,,,,,
Ds-2017-66-motstandskraft-inriktningen-av-totalforsvaret-och-2021-2025-utformningen-av-det-civila-forsvaret.pdf,säkerhet,1,,,,,,,,,,,,,
Ds-2014-20Försvaret-av-Sverige-Starkare-försvar-för-en-osäker-tid.pdf,säkerhet,1,,,,,,,,,,,,,
,,,,,,,,,,,,,,,
Ds-2014-20Försvaret-av-Sverige-Starkare-försvar-för-en-osäker-tid.pdf,samarbete,2,,,,,,,,,,,,,
,,,,,,,,,,,,,,,
Ds-2014-20Försvaret-av-Sverige-Starkare-försvar-för-en-osäker-tid.pdf,utveckling,1,,,,,,,,,,,,,
,,,,,,,,,,,,,,,
,,,,,,,,,,,,,,,
,,,,,,,,,,,,,,,
,,,,,,,,,,,,,,,
,,,,,,,,,,,,,,,
,,,,,,,,,,,,,,,
,,,,,,,,,,,,,,,
,,,,,,,,,,,,,,,
,,,,,,,,,,,,,,,
,,,,,,,,,,,,,,,
,,,,,,,,,,,,,,,
,,,,,,,,,,,,,,,
,,,,,,,,,,,,,,,
A4,A4,A4,A4,A4,,,,,,,,,,,
Ds-2019-8-Värnkraft-inriktningen-av-sakerhetspolitiken-och-utformningen-av-det-militara-forsvaret-2021-2025.pdf,aktörer,aktörer,skilt kina förhållandet statliga statliga,också förändrats kalla krigets slut,skilt kina förhållandet statliga statliga aktörer också förändrats kalla krigets slut,0.275,0.725,0,-0.5859,k,,,Ds-2019-8-Värnkraft-inriktningen-av-sakerhetspolitiken-och-utformningen-av-det-militara-forsvaret-2021-2025.pdf,aktörer,1
Ds-2017-66-motstandskraft-inriktningen-av-totalforsvaret-och-2021-2025-utformningen-av-det-civila-forsvaret.pdf,försvar,försvarsmakten,planeringen måste ske nära dialog,skapa uthållighet krig gråzonssituation sabotage,planeringen måste ske nära dialog försvarsmakten skapa uthållighet krig gråzonssituation sabotage,0.254,0.746,0,-0.5267,dddd,,,Ds-2017-66-motstandskraft-inriktningen-av-totalforsvaret-och-2021-2025-utformningen-av-det-civila-forsvaret.pdf,försvar,1
Ds-2019-8-Värnkraft-inriktningen-av-sakerhetspolitiken-och-utformningen-av-det-militara-forsvaret-2021-2025.pdf,försvar,försvarsunderrättelseverksamhet,breda antagonistiska hotbilden terrorism påverkansoperationer,2019 248 cyberhot anser försvarsberedningen,breda antagonistiska hotbilden terrorism påverkansoperationer försvarsunderrättelseverksamhet 2019 248 cyberhot anser försvarsberedningen,0.315,0.685,0,-0.6808,I,,,Ds-2019-8-Värnkraft-inriktningen-av-sakerhetspolitiken-och-utformningen-av-det-militara-forsvaret-2021-2025.pdf,försvar,
Ds-2019-8-Värnkraft-inriktningen-av-sakerhetspolitiken-och-utformningen-av-det-militara-forsvaret-2021-2025.pdf,försvar,försvarsberedningen,genomföra freedom navigation operationer arktis,bedömer ökade ryska betoningen landets,genomföra freedom navigation operationer arktis försvarsberedningen bedömer ökade ryska betoningen landets,0,0.704,0.296,0.6369,k,,,Ds-2019-8-Värnkraft-inriktningen-av-sakerhetspolitiken-och-utformningen-av-det-militara-forsvaret-2021-2025.pdf,försvar,
Ds-2019-8-Värnkraft-inriktningen-av-sakerhetspolitiken-och-utformningen-av-det-militara-forsvaret-2021-2025.pdf,försvar,försvarsmaktens,126 teknikutveckling militära rsvaret 127,utveckling kalla krigets slut 131,126 teknikutveckling militära rsvaret 127 försvarsmaktens utveckling kalla krigets slut 131,0.275,0.725,0,-0.5859,k,,,Ds-2019-8-Värnkraft-inriktningen-av-sakerhetspolitiken-och-utformningen-av-det-militara-forsvaret-2021-2025.pdf,försvar,
Ds-2019-8-Värnkraft-inriktningen-av-sakerhetspolitiken-och-utformningen-av-det-militara-forsvaret-2021-2025.pdf,försvar,försvarsbeslutet,utveckling kalla krigets slut 131,1992 132 försvarsbeslutet 1995 132,utveckling kalla krigets slut 131 försvarsbeslutet 1992 132 försvarsbeslutet 1995 132,0.275,0.725,0,-0.5859,k,,,Ds-2019-8-Värnkraft-inriktningen-av-sakerhetspolitiken-och-utformningen-av-det-militara-forsvaret-2021-2025.pdf,försvar,
Ds-2019-8-Värnkraft-inriktningen-av-sakerhetspolitiken-och-utformningen-av-det-militara-forsvaret-2021-2025.pdf,försvar,försvarsutgifterna,kalla krigets slut 1990 motsvarade,sammantaget procent global bnp absoluta,kalla krigets slut 1990 motsvarade försvarsutgifterna sammantaget procent global bnp absoluta,0.275,0.725,0,-0.5859,k,,,Ds-2019-8-Värnkraft-inriktningen-av-sakerhetspolitiken-och-utformningen-av-det-militara-forsvaret-2021-2025.pdf,försvar,
Ds-2019-8-Värnkraft-inriktningen-av-sakerhetspolitiken-och-utformningen-av-det-militara-forsvaret-2021-2025.pdf,försvar,försvarsbeslutet,kalla krigets slut 2019 132,1992 försvara sverige väpnat angrepp,kalla krigets slut 2019 132 försvarsbeslutet 1992 försvara sverige väpnat angrepp,0.275,0.725,0,-0.5859,k,,,Ds-2019-8-Värnkraft-inriktningen-av-sakerhetspolitiken-och-utformningen-av-det-militara-forsvaret-2021-2025.pdf,försvar,
Ds-2019-8-Värnkraft-inriktningen-av-sakerhetspolitiken-och-utformningen-av-det-militara-forsvaret-2021-2025.pdf,försvar,försvarsanslagen,war szawapakten genomförde betydande reduktioner,besluten besparingar försvarsutgifterna sverige bör,war szawapakten genomförde betydande reduktioner försvarsanslagen besluten besparingar försvarsutgifterna sverige bör,0.281,0.719,0,-0.5994,k,,,Ds-2019-8-Värnkraft-inriktningen-av-sakerhetspolitiken-och-utformningen-av-det-militara-forsvaret-2021-2025.pdf,försvar,8
Ds-2019-8-Värnkraft-inriktningen-av-sakerhetspolitiken-och-utformningen-av-det-militara-forsvaret-2021-2025.pdf,försvarsberedning,försvarsberedningen,genomföra freedom navigation operationer arktis,bedömer ökade ryska betoningen landets,genomföra freedom navigation operationer arktis försvarsberedningen bedömer ökade ryska betoningen landets,0,0.704,0.296,0.6369,k,,,Ds-2019-8-Värnkraft-inriktningen-av-sakerhetspolitiken-och-utformningen-av-det-militara-forsvaret-2021-2025.pdf,försvarsberedning,
Ds-2019-8-Värnkraft-inriktningen-av-sakerhetspolitiken-och-utformningen-av-det-militara-forsvaret-2021-2025.pdf,hot,hoten,bedömer terrorism fortfarande utgör främsta,nationella säkerheten terrorattackerna usa septembe,bedömer terrorism fortfarande utgör främsta hoten nationella säkerheten terrorattackerna usa septembe,0.315,0.685,0,-0.6808,I,,,Ds-2019-8-Värnkraft-inriktningen-av-sakerhetspolitiken-och-utformningen-av-det-militara-forsvaret-2021-2025.pdf,hot,
Ds-2019-8-Värnkraft-inriktningen-av-sakerhetspolitiken-och-utformningen-av-det-militara-forsvaret-2021-2025.pdf,hot,hotbilden,närområdet samt fortsatt breda antagonistiska,terrorism påverkansoperationer försvarsunderrättelseverksamhet 2019 248,närområdet samt fortsatt breda antagonistiska hotbilden terrorism påverkansoperationer försvarsunderrättelseverksamhet 2019 248,0.315,0.685,0,-0.6808,k,,,Ds-2019-8-Värnkraft-inriktningen-av-sakerhetspolitiken-och-utformningen-av-det-militara-forsvaret-2021-2025.pdf,hot,2
Ds-2017-66-motstandskraft-inriktningen-av-totalforsvaret-och-2021-2025-utformningen-av-det-civila-forsvaret.pdf,inte,internationell,excellence ccd coe avsaknad tydlig,överenskommelse området ofta använts referenspunkt,excellence ccd coe avsaknad tydlig internationell överenskommelse området ofta använts referenspunkt,0,0.709,0.291,0.6249,k,,,Ds-2017-66-motstandskraft-inriktningen-av-totalforsvaret-och-2021-2025-utformningen-av-det-civila-forsvaret.pdf,inte,2
Ds-2019-8-Värnkraft-inriktningen-av-sakerhetspolitiken-och-utformningen-av-det-militara-forsvaret-2021-2025.pdf,inte,international,uppfattning delas exempelvis sipri stockholm,peace research institute nuvarande meningen,uppfattning delas exempelvis sipri stockholm international peace research institute nuvarande meningen,0,0.741,0.259,0.5423,k,,,Ds-2019-8-Värnkraft-inriktningen-av-sakerhetspolitiken-och-utformningen-av-det-militara-forsvaret-2021-2025.pdf,inte,
Ds-2019-8-Värnkraft-inriktningen-av-sakerhetspolitiken-och-utformningen-av-det-militara-forsvaret-2021-2025.pdf,inte,internationella,specifikt redovi sas sammanställs sipri,valutafonden nato måttet anger aktuellt,specifikt redovi sas sammanställs sipri internationella valutafonden nato måttet anger aktuellt,0.27,0.73,0,-0.5719,k,,,Ds-2019-8-Värnkraft-inriktningen-av-sakerhetspolitiken-och-utformningen-av-det-militara-forsvaret-2021-2025.pdf,inte,
Ds-2017-66-motstandskraft-inriktningen-av-totalforsvaret-och-2021-2025-utformningen-av-det-civila-forsvaret.pdf,inte,integrerad,andra förmågor specifika scenarier arrangemang,politisk krishantering integrated political crisis,andra förmågor specifika scenarier arrangemang integrerad politisk krishantering integrated political crisis,0.291,0.709,0,-0.6249,k,,,Ds-2017-66-motstandskraft-inriktningen-av-totalforsvaret-och-2021-2025-utformningen-av-det-civila-forsvaret.pdf,inte,
Ds-2019-8-Värnkraft-inriktningen-av-sakerhetspolitiken-och-utformningen-av-det-militara-forsvaret-2021-2025.pdf,inte,interna,delta internationella insatser stater drabbats,konflikter kännetecknas islamistisk terrorism stater,delta internationella insatser stater drabbats interna konflikter kännetecknas islamistisk terrorism stater,0.315,0.685,0,-0.6808,k,,,Ds-2019-8-Värnkraft-inriktningen-av-sakerhetspolitiken-och-utformningen-av-det-militara-forsvaret-2021-2025.pdf,inte,3
Ds-2017-66-motstandskraft-inriktningen-av-totalforsvaret-och-2021-2025-utformningen-av-det-civila-forsvaret.pdf,konflikt,konflikt,förstadier integr erade delar väpnad,terrorism våldsbejakande extremism utgör påtagliga,förstadier integr erade delar väpnad konflikt terrorism våldsbejakande extremism utgör påtagliga,0.315,0.685,0,-0.6808,k,,,Ds-2017-66-motstandskraft-inriktningen-av-totalforsvaret-och-2021-2025-utformningen-av-det-civila-forsvaret.pdf,konflikt,1
Ds-2019-8-Värnkraft-inriktningen-av-sakerhetspolitiken-och-utformningen-av-det-militara-forsvaret-2021-2025.pdf,konkurrens,konkurrens,försvarsutgifter massförstö relsevapen klimatförändringar ökad,naturresurser terrorism säkerhetspolitiska läget sveriges,försvarsutgifter massförstö relsevapen klimatförändringar ökad konkurrens naturresurser terrorism säkerhetspolitiska läget sveriges,0.315,0.685,0,-0.6808,k,,,Ds-2019-8-Värnkraft-inriktningen-av-sakerhetspolitiken-och-utformningen-av-det-militara-forsvaret-2021-2025.pdf,konkurrens,1
Ds-2017-66-motstandskraft-inriktningen-av-totalforsvaret-och-2021-2025-utformningen-av-det-civila-forsvaret.pdf,kris,krishantering,specifika scenarier arrangemang integrerad politisk,integrated political crisis response arrangements,specifika scenarier arrangemang integrerad politisk krishantering integrated political crisis response arrangements,0.291,0.709,0,-0.6249,k,,,Ds-2017-66-motstandskraft-inriktningen-av-totalforsvaret-och-2021-2025-utformningen-av-det-civila-forsvaret.pdf,kris,
Ds-2017-66-motstandskraft-inriktningen-av-totalforsvaret-och-2021-2025-utformningen-av-det-civila-forsvaret.pdf,krishantering,krishantering,specifika scenarier arrangemang integrerad politisk,integrated political crisis response arrangements,specifika scenarier arrangemang integrerad politisk krishantering integrated political crisis response arrangements,0.291,0.709,0,-0.6249,k,,,Ds-2017-66-motstandskraft-inriktningen-av-totalforsvaret-och-2021-2025-utformningen-av-det-civila-forsvaret.pdf,krishantering,2
Ds-2019-8-Värnkraft-inriktningen-av-sakerhetspolitiken-och-utformningen-av-det-militara-forsvaret-2021-2025.pdf,nato,nato,stärkt samarbete område beredningen noterar,upprät tat centres excellence samtliga,stärkt samarbete område beredningen noterar nato upprät tat centres excellence samtliga,0,0.709,0.291,0.6249,f,,,Ds-2019-8-Värnkraft-inriktningen-av-sakerhetspolitiken-och-utformningen-av-det-militara-forsvaret-2021-2025.pdf,nato,
Ds-2017-66-motstandskraft-inriktningen-av-totalforsvaret-och-2021-2025-utformningen-av-det-civila-forsvaret.pdf,nato,nato,cybersäkerhetsområdet cyberangrepp landet utsattes 2007,cooperative cyber defence center excellence,cybersäkerhetsområdet cyberangrepp landet utsattes 2007 nato cooperative cyber defence center excellence,0,0.621,0.379,0.6705,k,,,Ds-2017-66-motstandskraft-inriktningen-av-totalforsvaret-och-2021-2025-utformningen-av-det-civila-forsvaret.pdf,nato,
Ds-2017-66-motstandskraft-inriktningen-av-totalforsvaret-och-2021-2025-utformningen-av-det-civila-forsvaret.pdf,nato,nato,omfattande manual tallinnmanualen tagits fram,cooperative cyber defence center excellence,omfattande manual tallinnmanualen tagits fram nato cooperative cyber defence center excellence,0,0.621,0.379,0.6705,k,,,Ds-2017-66-motstandskraft-inriktningen-av-totalforsvaret-och-2021-2025-utformningen-av-det-civila-forsvaret.pdf,nato,
Ds-2017-66-motstandskraft-inriktningen-av-totalforsvaret-och-2021-2025-utformningen-av-det-civila-forsvaret.pdf,nato,nato,strategic communic ation centre excellence,stratcom coe ligger riga centret,strategic communic ation centre excellence nato stratcom coe ligger riga centret,0,0.709,0.291,0.6249,k,,,Ds-2017-66-motstandskraft-inriktningen-av-totalforsvaret-och-2021-2025-utformningen-av-det-civila-forsvaret.pdf,nato,3
Ds-2019-8-Värnkraft-inriktningen-av-sakerhetspolitiken-och-utformningen-av-det-militara-forsvaret-2021-2025.pdf,nato,nato,sas sammanställs sipri internationella valutafonden,måttet anger aktuellt läge visar,sas sammanställs sipri internationella valutafonden nato måttet anger aktuellt läge visar,0.27,0.73,0,-0.5719,k,,,Ds-2019-8-Värnkraft-inriktningen-av-sakerhetspolitiken-och-utformningen-av-det-militara-forsvaret-2021-2025.pdf,nato,
Ds-2019-8-Värnkraft-inriktningen-av-sakerhetspolitiken-och-utformningen-av-det-militara-forsvaret-2021-2025.pdf,nato,nato,bara fallet sverige flesta stater,samt forna war szawapakten genomförde,bara fallet sverige flesta stater nato samt forna war szawapakten genomförde,0.281,0.719,0,-0.5994,k,,,Ds-2019-8-Värnkraft-inriktningen-av-sakerhetspolitiken-och-utformningen-av-det-militara-forsvaret-2021-2025.pdf,nato,3
Ds-2017-66-motstandskraft-inriktningen-av-totalforsvaret-och-2021-2025-utformningen-av-det-civila-forsvaret.pdf,nätverk,nätverk,informationsteknologin röra attacker underrättelseinhämtning via,cyberattacker påverkansoperationer aktioner via ombud,informationsteknologin röra attacker underrättelseinhämtning via nätverk cyberattacker påverkansoperationer aktioner via ombud,0.27,0.73,0,-0.5719,I,,,Ds-2017-66-motstandskraft-inriktningen-av-totalforsvaret-och-2021-2025-utformningen-av-det-civila-forsvaret.pdf,nätverk,1
Ds-2019-8-Värnkraft-inriktningen-av-sakerhetspolitiken-och-utformningen-av-det-militara-forsvaret-2021-2025.pdf,process,process,for peace planning and review,parp partnerskapsmål viktigt verktyg sverige,for peace planning and review process parp partnerskapsmål viktigt verktyg sverige,0,0.741,0.259,0.5423,k,,,Ds-2019-8-Värnkraft-inriktningen-av-sakerhetspolitiken-och-utformningen-av-det-militara-forsvaret-2021-2025.pdf,process,1
Ds-2019-8-Värnkraft-inriktningen-av-sakerhetspolitiken-och-utformningen-av-det-militara-forsvaret-2021-2025.pdf,risk,riskerar,peace research institute nuvarande meningen,skap onödig oro trissa hotbil,peace research institute nuvarande meningen riskerar skap onödig oro trissa hotbil,0,0.741,0.259,0.5423,k,,,Ds-2019-8-Värnkraft-inriktningen-av-sakerhetspolitiken-och-utformningen-av-det-militara-forsvaret-2021-2025.pdf,risk,1
Ds-2019-8-Värnkraft-inriktningen-av-sakerhetspolitiken-och-utformningen-av-det-militara-forsvaret-2021-2025.pdf,ryssland,ryssland,kalla kriget slut både kina,idag uttalade stormaktsambitioner ifrågasätter usa,kalla kriget slut både kina ryssland idag uttalade stormaktsambitioner ifrågasätter usa,0.275,0.725,0,-0.5859,k,,,Ds-2019-8-Värnkraft-inriktningen-av-sakerhetspolitiken-och-utformningen-av-det-militara-forsvaret-2021-2025.pdf,ryssland,1
Ds-2019-8-Värnkraft-inriktningen-av-sakerhetspolitiken-och-utformningen-av-det-militara-forsvaret-2021-2025.pdf,säkerhet,säkerhetspolitisk,energy security centre excellence vilnius,vikt sverige upprätthåller utvecklar samarbetet,energy security centre excellence vilnius säkerhetspolitisk vikt sverige upprätthåller utvecklar samarbetet,0,0.482,0.518,0.8225,k,,,Ds-2019-8-Värnkraft-inriktningen-av-sakerhetspolitiken-och-utformningen-av-det-militara-forsvaret-2021-2025.pdf,säkerhet,
Ds-2019-8-Värnkraft-inriktningen-av-sakerhetspolitiken-och-utformningen-av-det-militara-forsvaret-2021-2025.pdf,säkerhet,cybersäkerhetsfrågor,betonar vikten bredare engagemang informations,genom involvera frivilliga krafter inspiration,betonar vikten bredare engagemang informations cybersäkerhetsfrågor genom involvera frivilliga krafter inspiration,0,0.746,0.254,0.5267,k,,,Ds-2019-8-Värnkraft-inriktningen-av-sakerhetspolitiken-och-utformningen-av-det-militara-forsvaret-2021-2025.pdf,säkerhet,
Ds-2019-8-Värnkraft-inriktningen-av-sakerhetspolitiken-och-utformningen-av-det-militara-forsvaret-2021-2025.pdf,säkerhet,säkerhetspolitiken,natofördragets artikel försvarsberedningen konstatera svenska,kalla krigets slut ändrat grunden,natofördragets artikel försvarsberedningen konstatera svenska säkerhetspolitiken kalla krigets slut ändrat grunden,0.275,0.725,0,-0.5859,k,,,Ds-2019-8-Värnkraft-inriktningen-av-sakerhetspolitiken-och-utformningen-av-det-militara-forsvaret-2021-2025.pdf,säkerhet,
Ds-2019-8-Värnkraft-inriktningen-av-sakerhetspolitiken-och-utformningen-av-det-militara-forsvaret-2021-2025.pdf,säkerhet,säkerhetspolitiska,klimatförändringar ökad konkurrens naturresurser terrorism,läget sveriges förutsättningar utvecklingen sveriges,klimatförändringar ökad konkurrens naturresurser terrorism säkerhetspolitiska läget sveriges förutsättningar utvecklingen sveriges,0.315,0.685,0,-0.6808,k,,,Ds-2019-8-Värnkraft-inriktningen-av-sakerhetspolitiken-och-utformningen-av-det-militara-forsvaret-2021-2025.pdf,säkerhet,4
Ds-2019-8-Värnkraft-inriktningen-av-sakerhetspolitiken-och-utformningen-av-det-militara-forsvaret-2021-2025.pdf,utveckling,utveckling,teknikutveckling militära rsvaret 127 försvarsmaktens,kalla krigets slut 131 försvarsbeslutet,teknikutveckling militära rsvaret 127 försvarsmaktens utveckling kalla krigets slut 131 försvarsbeslutet,0.275,0.725,0,-0.5859,k,,,Ds-2019-8-Värnkraft-inriktningen-av-sakerhetspolitiken-och-utformningen-av-det-militara-forsvaret-2021-2025.pdf,utveckling,
Ds-2019-8-Värnkraft-inriktningen-av-sakerhetspolitiken-och-utformningen-av-det-militara-forsvaret-2021-2025.pdf,utveckling,utvecklingen,terrorism säkerhetspolitiska läget sveriges förutsättningar,sveriges närområde övergripande utveckling finland,terrorism säkerhetspolitiska läget sveriges förutsättningar utvecklingen sveriges närområde övergripande utveckling finland,0.315,0.685,0,-0.6808,k,,,Ds-2019-8-Värnkraft-inriktningen-av-sakerhetspolitiken-och-utformningen-av-det-militara-forsvaret-2021-2025.pdf,utveckling,2
,,,,,,,,,,,,,,,
,,,,,,,,,,,,,,,
,,,,,,,,,,,,,,,
,,,,,,,,,,,,,,,
A4,,,,,,,,,,,,,,,
Ds-2017-66-motstandskraft-inriktningen-av-totalforsvaret-och-2021-2025-utformningen-av-det-civila-forsvaret.pdf,försvar,försvarsmakten,1,,,,,,,,,,,,
Ds-2019-8-Värnkraft-inriktningen-av-sakerhetspolitiken-och-utformningen-av-det-militara-forsvaret-2021-2025.pdf,försvar,försvarsunderrättelseverksamhet,8,,,,,,,,,,,,
,,,,,,,,,,,,,,,
Ds-2019-8-Värnkraft-inriktningen-av-sakerhetspolitiken-och-utformningen-av-det-militara-forsvaret-2021-2025.pdf,hot,hotbilden,2,,,,,,,,,,,,
,,,,,,,,,,,,,,,
Ds-2017-66-motstandskraft-inriktningen-av-totalforsvaret-och-2021-2025-utformningen-av-det-civila-forsvaret.pdf,inte,internationell,1,,,,,,,,,,,,
Ds-2019-8-Värnkraft-inriktningen-av-sakerhetspolitiken-och-utformningen-av-det-militara-forsvaret-2021-2025.pdf,inte,international,2,,,,,,,,,,,,
,,,,,,,,,,,,,,,
Ds-2017-66-motstandskraft-inriktningen-av-totalforsvaret-och-2021-2025-utformningen-av-det-civila-forsvaret.pdf,nato,nato,3,,,,,,,,,,,,
Ds-2019-8-Värnkraft-inriktningen-av-sakerhetspolitiken-och-utformningen-av-det-militara-forsvaret-2021-2025.pdf,nato,nato,3,,,,,,,,,,,,
,,,,,,,,,,,,,,,
Ds-2019-8-Värnkraft-inriktningen-av-sakerhetspolitiken-och-utformningen-av-det-militara-forsvaret-2021-2025.pdf,säkerhet,säkerhetspolitisk,4,,,,,,,,,,,,
,,,,,,,,,,,,,,,
Ds-2019-8-Värnkraft-inriktningen-av-sakerhetspolitiken-och-utformningen-av-det-militara-forsvaret-2021-2025.pdf,utveckling,utveckling,2,,,,,,,,,,,,
,,,,,,,,,,,,,,,
,,,,,,,,,,,,,,,
,,,,,,,,,,,,,,,
,,,,,,,,,,,,,,,
A5,A5,A5,A5,A5,A5,A5,,,,,,,,,
Ds-2024-6-Stärkt-försvarsförmåga-Sverige-som-allierad.pdf,försvar,försvarsberednings,7,,,,,,,,,,,,
Ds-2019-8-Värnkraft-inriktningen-av-sakerhetspolitiken-och-utformningen-av-det-militara-forsvaret-2021-2025.pdf,försvar,försvarsberedningen,3,,,,,,,,,,,,
,,,,,,,,,,,,,,,
Ds-2024-6-Stärkt-försvarsförmåga-Sverige-som-allierad.pdf,nato,natomedlemskapet,4,,,,,,,,,,,,
Ds-2019-8-Värnkraft-inriktningen-av-sakerhetspolitiken-och-utformningen-av-det-militara-forsvaret-2021-2025.pdf,nato,nato,3,,,,,,,,,,,,
,,,,,,,,,,,,,,,
"Vad det allt?    Ds2024 mysko!    SKIPPAR 2024!
",,,,,,,,,,,,,,,
,,,,,,,,,,,,,,,
Ny räkning nedan:,,,,,,,,,,,,,,,
Ds-2019-8-Värnkraft-inriktningen-av-sakerhetspolitiken-och-utformningen-av-det-militara-forsvaret-2021-2025.pdf,förändring,2,,,,,,,,,,,,,
,,,,,,,,,,,,,,,
Ds-2019-8-Värnkraft-inriktningen-av-sakerhetspolitiken-och-utformningen-av-det-militara-forsvaret-2021-2025.pdf,försvar,4,,,,,,,,,,,,,
Ds-2024-6-Stärkt-försvarsförmåga-Sverige-som-allierad.pdf,försvar,8,,,,,,,,,,,,,
,,,,,,,,,,,,,,,
Ds-2024-6-Stärkt-försvarsförmåga-Sverige-som-allierad.pdf,försvarsberedning,2,,,,,,,,,,,,,
,,,,,,,,,,,,,,,
Ds-2019-8-Värnkraft-inriktningen-av-sakerhetspolitiken-och-utformningen-av-det-militara-forsvaret-2021-2025.pdf,inte,1,,,,,,,,,,,,,
,,,,,,,,,,,,,,,
Ds-2019-8-Värnkraft-inriktningen-av-sakerhetspolitiken-och-utformningen-av-det-militara-forsvaret-2021-2025.pdf,konkurrens,1,,,,,,,,,,,,,
,,,,,,,,,,,,,,,
Ds-2024-6-Stärkt-försvarsförmåga-Sverige-som-allierad.pdf,kris,1,,,,,,,,,,,,,
,,,,,,,,,,,,,,,
Ds-2024-6-Stärkt-försvarsförmåga-Sverige-som-allierad.pdf,lite,1,,,,,,,,,,,,,
,,,,,,,,,,,,,,,
Ds-2019-8-Värnkraft-inriktningen-av-sakerhetspolitiken-och-utformningen-av-det-militara-forsvaret-2021-2025.pdf,nato,1,,,,,,,,,,,,,
Ds-2024-6-Stärkt-försvarsförmåga-Sverige-som-allierad.pdf,nato,4,,,,,,,,,,,,,
,,,,,,,,,,,,,,,
Ds-2019-8-Värnkraft-inriktningen-av-sakerhetspolitiken-och-utformningen-av-det-militara-forsvaret-2021-2025.pdf,nätverk,1,,,,,,,,,,,,,
,,,,,,,,,,,,,,,
Ds-2019-8-Värnkraft-inriktningen-av-sakerhetspolitiken-och-utformningen-av-det-militara-forsvaret-2021-2025.pdf,ryssland,1,,,,,,,,,,,,,
,,,,,,,,,,,,,,,
Ds-2019-8-Värnkraft-inriktningen-av-sakerhetspolitiken-och-utformningen-av-det-militara-forsvaret-2021-2025.pdf,säkerhet,2,,,,,,,,,,,,,
,,,,,,,,,,,,,,,
Ds-2024-6-Stärkt-försvarsförmåga-Sverige-som-allierad.pdf,samarbete,1,,,,,,,,,,,,,
,,,,,,,,,,,,,,,
Ds-2024-6-Stärkt-försvarsförmåga-Sverige-som-allierad.pdf,ukraina,1,,,,,,,,,,,,,
,,,,,,,,,,,,,,,
Ds-2019-8-Värnkraft-inriktningen-av-sakerhetspolitiken-och-utformningen-av-det-militara-forsvaret-2021-2025.pdf,utveckling,1,,,,,,,,,,,,,
,,,,,,,,,,,,,,,
,,,,,,,,,,,,,,,
,,,,,,,,,,,,,,,
,,,,,,,,,,,,,,,
,,,,,,,,,,,,,,,
,,,,,,,,,,,,,,,
,,,,,,,,,,,,,,,
A6,A6,A6,A6,A6,,,,,,,,,,,
,,,,,,,,,,,,,,,
ds-2023-19-Allvarstid-Försvarsberedningens-säkerhetspolitiska-rapport-2023.pdf,avskräckning,avskräckning,1,,,,,,,,,,,,
,,,,,,,,,,,,,,,
ds-2023-19-Allvarstid-Försvarsberedningens-säkerhetspolitiska-rapport-2023.pdf,försvar,försvarsberedningen,4,,,,,,,,,,,,
Ds-2019-8-Värnkraft-inriktningen-av-sakerhetspolitiken-och-utformningen-av-det-militara-forsvaret-2021-2025.pdf,försvar,försvarsmaktens,3,,,,,,,,,,,,
,,,,,,,,,,,,,,,
ds-2023-19-Allvarstid-Försvarsberedningens-säkerhetspolitiska-rapport-2023.pdf,hot,hot,3,,,,,,,,,,,,
,,,,,,,,,,,,,,,
ds-2023-19-Allvarstid-Försvarsberedningens-säkerhetspolitiska-rapport-2023.pdf,inte,international,2,,,,,,,,,,,,
Ds-2019-8-Värnkraft-inriktningen-av-sakerhetspolitiken-och-utformningen-av-det-militara-forsvaret-2021-2025.pdf,inte,international,2,,,,,,,,,,,,
,,,,,,,,,,,,,,,
ds-2023-19-Allvarstid-Försvarsberedningens-säkerhetspolitiska-rapport-2023.pdf,nato,nato,8,,,,,,,,,,,,
Ds-2019-8-Värnkraft-inriktningen-av-sakerhetspolitiken-och-utformningen-av-det-militara-forsvaret-2021-2025.pdf,nato,nato,4,,,,,,,,,,,,
,,,,,,,,,,,,,,,
ds-2023-19-Allvarstid-Försvarsberedningens-säkerhetspolitiska-rapport-2023.pdf,ryssland,rysslands,2,,,,,,,,,,,,
Ds-2019-8-Värnkraft-inriktningen-av-sakerhetspolitiken-och-utformningen-av-det-militara-forsvaret-2021-2025.pdf,ryssland,ryssland,1,,,,,,,,,,,,
,,,,,,,,,,,,,,,
Ds-2019-8-Värnkraft-inriktningen-av-sakerhetspolitiken-och-utformningen-av-det-militara-forsvaret-2021-2025.pdf,säkerhet,säkerhetspolitisk,2,,,,,,,,,,,,
ds-2023-19-Allvarstid-Försvarsberedningens-säkerhetspolitiska-rapport-2023.pdf,säkerhet,säkerhetsordningen,3,,,,,,,,,,,,
,,,,,,,,,,,,,,,
,,,,,,,,,,,,,,,
,,,,,,,,,,,,,,,
,,,,,,,,,,,,,,,
,,,,,,,,,,,,,,,
,,,,,,,,,,,,,,,
,,,,,,,,,,,,,,,
A7,,,,,,,,,,,,,,,
Ds-2003-8-Säkrare-grannskap-osäker-värld.pdf,hot,hotbild,2,,,,,,,,,,,,
,,,,,,,,,,,,,,,
Ds-2003-8-Säkrare-grannskap-osäker-värld.pdf,inte,internationell,5,,,,,,,,,,,,
,,,,,,,,,,,,,,,
Ds-2003-8-Säkrare-grannskap-osäker-värld.pdf,nato,nato,4,,,,,,,,,,,,
,,,,,,,,,,,,,,,
Ds-2007-46-Säkerhet-i-samverkan-Försvarsberedningens-omvärldsanalys.pdf,säkerhet,säkerhetspolitiken,1,,,,,,,,,,,,
Ds-2003-8-Säkrare-grannskap-osäker-värld.pdf,säkerhet,säkerhetspolitisk,5,,,,,,,,,,,,
,,,,,,,,,,,,,,,
Ds-2003-8-Säkrare-grannskap-osäker-värld.pdf,samarbete,partnerskapssamarbetet,3,,,,,,,,,,,,
,,,,,,,,,,,,,,,
,,,,,,,,,,,,,,,
,,,,,,,,,,,,,,,
,,,,,,,,,,,,,,,
,,,,,,,,,,,,,,,
A8,,,,,,,,,,,,,,,
,,,,,,,,,,,,,,,
Ds-2003-8-Säkrare-grannskap-osäker-värld.pdf,inte,internationella,,,,,,,,,,,,,
,,,,,,,,,,,,,,,
Ds-2003-8-Säkrare-grannskap-osäker-värld.pdf,nato,nato,1,,,,,,,,,,,,
Ds-2001-14-Gränsöverskridande-sårbarhet-Gemensam-säkerhet-Ds_2001-14.pdf,nato,natos,1,,,,,,,,,,,,
Ds-2001-14-Gränsöverskridande-sårbarhet-Gemensam-säkerhet-Ds_2001-14.pdf,process,förändringsprocesser,,,,,,,,,,,,,
Ds-2003-8-Säkrare-grannskap-osäker-värld.pdf,säkerhet,säkerhetspolitisk,1,,,,,,,,,,,,
Ds-2001-14-Gränsöverskridande-sårbarhet-Gemensam-säkerhet-Ds_2001-14.pdf,säkerhet,säkerhet,1,,,,,,,,,,,,
,,,,,,,,,,,,,,,
,,,,,,,,,,,,,,,
,,,,,,,,,,,,,,,
,,,,,,,,,,,,,,,
A9,,,,,,,,,,,,,,,
Ds-2001-14-Gränsöverskridande-sårbarhet-Gemensam-säkerhet-Ds_2001-14.pdf,nato,nato,2,,,,,,,,,,,,
,,,,,,,,,,,,,,,
Ds-1999-2-Förändrad-omvärld-omdanat-försvar.pdf,säkerhet,säkerhet,1,,,,,,,,,,,,
Ds-2001-14-Gränsöverskridande-sårbarhet-Gemensam-säkerhet-Ds_2001-14.pdf,säkerhet,säkerhet,1,,,,,,,,,,,,
,,,,,,,,,,,,,,,
,,,,,,,,,,,,,,,
,,,,,,,,,,,,,,,
A10,,,,,,,,,,,,,,,
,,,,,,,,,,,,,,,
Ds-1998-9-Svensk-säkerhetspolitik-i-ny-omvärldsbelysning-Delrapport-från-Försvarsberedningen-inför-1998-års-kontrollstation.pdf,förändring,säkerhetspolitiskaförändringarna,1,,,,,,,,,,,,
Ds-1999-2-Förändrad-omvärld-omdanat-försvar.pdf,förändring,förändringarna,2,,,,,,,,,,,,
,,,,,,,,,,,,,,,
Ds-1999-2-Förändrad-omvärld-omdanat-försvar.pdf,kris,krishanteringsoperationer,2,,,,,,,,,,,,
,,,,,,,,,,,,,,,
Ds-1998-9-Svensk-säkerhetspolitik-i-ny-omvärldsbelysning-Delrapport-från-Försvarsberedningen-inför-1998-års-kontrollstation.pdf,säkerhet,säkerhetspolitiskaförändringarna,1,,,,,,,,,,,,
Ds-1999-2-Förändrad-omvärld-omdanat-försvar.pdf,säkerhet,europeiskasäkerhetsstrukturen,2,,,,,,,,,,,,
,,,,,,,,,,,,,,,
,,,,,,,,,,,,,,,
,,,,,,,,,,,,,,,
,,,,,,,,,,,,,,,
A11,A11,A11,A11,,,,,,,,,,,,
,Inget kontextuellt resultat – KONTROLL STATION!,,,,,,,,,,,,,,
M-Ds-1996-51-Säkerhetspolitisk-kontrollstation-2-höst-1996-inför-försvarsbeslut-etapp-2-försvarsbeslutsperiod-1998.pdf,,,,,,,,,,,,,,,
Ds-1998-9-Svensk-säkerhetspolitik-i-ny-omvärldsbelysning-Delrapport-från-Försvarsberedningen-inför-1998-års-kontrollstation.pdf,,,,,,,,,,,,,,,
,,,,,,,,,,,,,,,
,,,,,,,,,,,,,,,
,,,,,,,,,,,,,,,
,,,,,,,,,,,,,,,
A12,,,,,,,,,,,,,,,
,,,,,,,,,,,,,,,
M-Ds-1996-51-Säkerhetspolitisk-kontrollstation-2-höst-1996-inför-försvarsbeslut-etapp-2-försvarsbeslutsperiod-1998.pdf,säkerhet,säkerhetspolitiska,2,,,,,,,,,,,,
,,,,,,,,,,,,,,,
ds-1995-28.pdf,utveckling,utveckling,1,,,,,,,,,,,,
M-Ds-1996-51-Säkerhetspolitisk-kontrollstation-2-höst-1996-inför-försvarsbeslut-etapp-2-försvarsbeslutsperiod-1998.pdf,utveckling,utvecklingen,1,,,,,,,,,,,,
,,,,,,,,,,,,,,,
,,,,,,,,,,,,,,,
,,,,,,,,,,,,,,,
,,,,,,,,,,,,,,,
,,,,,,,,,,,,,,,
,,,,,,,,,,,,,,,
GAMMAL!!!!,,,,,,,,,,,,,,,
Matris över ALLA keyword/kontext över tid,,,,,,,,,,,,,,,
,,,,,,,,,,,,,,,
Mest förekommande ord,,,,Kommentar: Borta men dyker upp,,,,,,,,,,,
,,,,,,,,,,,,,,,
Departementsserien,Analys (1 till 12),hot,Konflikt,Kris,Samarbete,Nato,Säkerhet,försvar,internationell,samarbete,nätverk,utveckling,avskräckning,ryssland,förändring
,,,,,,,,,,,,,,,
Ds-2019-8-mot-Ds-2024-6,A5,,,,,x,,x,,,,,,,
,,,,,,,,,,,,,,,
Ds-2019-8-mot-ds-2023-19,A6,x,,,,x,x,x,x,,,,x,x,
,,,,,,,,,,,,,,,
Ds-2017-6-mot-Ds-2019-8,A4,x,,,,x,x,x,x,,,x,,,
,,,,,,,,,,,,,,,
Ds-2014-20-mot-Ds-2017-6,A3,x,,x,,x,x,x,x,x,x,,,,
,,,,,,,,,,,,,,,
Ds-2013 mot Ds-2014-20,A2,x,,,,x,x,x,x,x,,,,,
,,,,,,,,,,,,,,,
Ds-2007-46-mot-Ds-2013,A1,x,x,x,x,x,x,,,,,,,,
,,,,,,,,,,,,,,,
Ds-2003-8-mot-Ds-2007-46,A7,x,,,,x,x,,x,x,,,,,
,,,,,,,,,,,,,,,
Ds-2001-14-mot-Ds-2003-8,A8,,,,,x,x,,x,,,,,,
,,,,,,,,,,,,,,,
Ds-1999-2-mot-Ds-2001-14,A9,,,,,x,x,,,,,,,,
,,,,,,,,,,,,,,,
Ds-1998-9-mot-Ds-1999-2,A10,,,x,,,x,,,,,,,,x
,,,,,,,,,,,,,,,
Ds-1996-51-mot-Ds-1998-9,(A11),Inget kontextuellt resultat! ,,,,,,,,,,,,,
,M-Ds-1996-51-Säkerhetspolitisk-kontrollstation-2-höst-1996-inför-försvarsbeslut-etapp-2-försvarsbeslutsperiod-1998.pdf,,,,,,,,,,,,,,
,Ds-1998-9-Svensk-säkerhetspolitik-i-ny-omvärldsbelysning-Delrapport-från-Försvarsberedningen-inför-1998-års-kontrollstation.pdf,,,,,,,,,,,,,,
,,,,,,,,,,,,,,,
Ds-1995:28-mot-Ds-1996-51,A12,,,,,,x,,,,,x,,,
,,,,,,,,,,,,,,,
,,,,,,,,,,,,,,,
,,,,,,,,,,,,,,,
,,,,,,,,,,,,,,,
,,,,,,,,,,,,,,,
,,,,,,,,,,,,,,,
,,,,,,,,,,,,,,,
,,,,,,,,,,,,,,,
,,,,,,,,,,,,,,,
Nya matrisen,,,,,,,,,,,,,,,
,Matris: Keyword/Kontext över tid.    B >=3,,,,,"(Kommentar: Kontextuell blobb på något sätt - Nato, Säkerhet och Försvar)",,,,,,,,,
,,,,,,,,,,,,,,,
Departementsserien,Analys (1 till 12),Hot,Konflikt,Kris,Samarbete,Nato,Säkerhet,försvar,internationell,samarbete,nätverk,utveckling,avskräckning,ryssland,förändring
,,,,,,,,,,,,,,,
Ds-2019-8-mot-Ds-2024-6,A5,,,,,7,,10,,,,,,,
,,,,,,,,,,,,,,,
Ds-2019-8-mot-ds-2023-19,A6,3,,,,12,5,7,4,,,,,3,
,,,,,,,,,,,,,,,
Ds-2017-6-mot-Ds-2019-8,A4,2,,,,6,4,9,3,,2,,,,
,,,,,,,,,,,,,,,
Ds-2014-20-mot-Ds-2017-6,A3,2,,2,2,6,2,6,2,,2,,,,
,,,,,,,,,,,,,,,
Ds-2013 mot Ds-2014-20,A2,8,,,,6,11,6,4,3,,,,,
,,,,,,,,,,,,,,,
Ds-2007-46-mot-Ds-2013,A1,10,3,3,,9,15,,,,,,,,
,,,,,,,,,,,,,,,
Ds-2003-8-mot-Ds-2007-46,A7,2,,,,4,6,,5,3,,,,,
,,,,,,,,,,,,,,,
Ds-2001-14-mot-Ds-2003-8,A8,,,,,9,2,,1,,,,1,,
,,,,,,,,,,,,,,,
Ds-1999-2-mot-Ds-2001-14,A9,,,,,2,2,,,,,,,,
,,,,,,,,,,,,,,,
Ds-1998-9-mot-Ds-1999-2,A10,,,2,,,3,,,,,,,,3
,,,,,,,,,,,,,,,
Ds-1996-51-mot-Ds-1998-9,(A11),,,2,,,,,,,,,,,3
M-Ds-1996-51-Säkerhetspolitisk-kontrollstation-2-höst-1996-inför-försvarsbeslut-etapp-2-försvarsbeslutsperiod-1998.pdf,,,,,,,,,,,,,,,
Ds-1998-9-Svensk-säkerhetspolitik-i-ny-omvärldsbelysning-Delrapport-från-Försvarsberedningen-inför-1998-års-kontrollstation.pdf,,,,,,,,,,,,,,,
,,,,,,,,,,,,,,,
Ds-1995:28-mot-Ds-1996-51,A12,,,,,,2,,,,,2,,,
